seed,test_bearing,iteration,contrastive_loss
20260918,Bearing3_1,1,4.708163738250732
20260918,Bearing3_1,2,2.8875572681427
20260918,Bearing3_1,3,3.365304470062256
20260918,Bearing3_1,4,2.4905312061309814
20260918,Bearing3_1,5,2.277536153793335
20260918,Bearing3_1,6,2.1356897354125977
20260918,Bearing3_1,7,3.4349348545074463
20260918,Bearing3_1,8,2.222943067550659
20260918,Bearing3_1,9,2.4786794185638428
20260918,Bearing3_1,10,1.9638608694076538
20260918,Bearing3_1,11,2.522962808609009
20260918,Bearing3_1,12,2.287862777709961
20260918,Bearing3_1,13,2.202648162841797
20260918,Bearing3_1,14,2.337249994277954
20260918,Bearing3_1,15,2.4282095432281494
20260918,Bearing3_1,16,2.0807385444641113
20260918,Bearing3_1,17,2.149348735809326
20260918,Bearing3_1,18,2.163867235183716
20260918,Bearing3_1,19,2.5292038917541504
20260918,Bearing3_1,20,2.3860929012298584
20260918,Bearing3_1,21,2.174704074859619
20260918,Bearing3_1,22,2.201768398284912
20260918,Bearing3_1,23,2.3126273155212402
20260918,Bearing3_1,24,2.2800681591033936
20260918,Bearing3_1,25,2.135100841522217
20260918,Bearing3_1,26,2.042201280593872
20260918,Bearing3_1,27,2.256385087966919
20260918,Bearing3_1,28,2.2336301803588867
20260918,Bearing3_1,29,2.0710747241973877
20260918,Bearing3_1,30,1.9451547861099243
20260918,Bearing3_1,31,2.1398544311523438
20260918,Bearing3_1,32,1.916337013244629
20260918,Bearing3_1,33,2.1116783618927
20260918,Bearing3_1,34,2.3265182971954346
20260918,Bearing3_1,35,2.124655246734619
20260918,Bearing3_1,36,2.2291481494903564
20260918,Bearing3_1,37,1.7291357517242432
20260918,Bearing3_1,38,1.9398545026779175
20260918,Bearing3_1,39,2.117902994155884
20260918,Bearing3_1,40,1.9087263345718384
20260918,Bearing3_1,41,2.171943426132202
20260918,Bearing3_1,42,2.0642659664154053
20260918,Bearing3_1,43,2.2576119899749756
20260918,Bearing3_1,44,2.206972360610962
20260918,Bearing3_1,45,2.057267904281616
20260918,Bearing3_1,46,2.0657031536102295
20260918,Bearing3_1,47,1.824515700340271
20260918,Bearing3_1,48,2.008256196975708
20260918,Bearing3_1,49,2.2267673015594482
20260918,Bearing3_1,50,2.1353402137756348
20260918,Bearing3_1,51,2.065509557723999
20260918,Bearing3_1,52,1.9296908378601074
20260918,Bearing3_1,53,1.9838043451309204
20260918,Bearing3_1,54,1.9009437561035156
20260918,Bearing3_1,55,1.9874457120895386
20260918,Bearing3_1,56,1.8093818426132202
20260918,Bearing3_1,57,1.9911082983016968
20260918,Bearing3_1,58,1.9456723928451538
20260918,Bearing3_1,59,2.0833253860473633
20260918,Bearing3_1,60,2.2065987586975098
20260918,Bearing3_1,61,2.0538671016693115
20260918,Bearing3_1,62,1.5608634948730469
20260918,Bearing3_1,63,1.9494119882583618
20260918,Bearing3_1,64,2.2482054233551025
20260918,Bearing3_1,65,2.0870652198791504
20260918,Bearing3_1,66,1.677311658859253
20260918,Bearing3_1,67,2.2236030101776123
20260918,Bearing3_1,68,2.094020366668701
20260918,Bearing3_1,69,1.8663123846054077
20260918,Bearing3_1,70,2.1726901531219482
20260918,Bearing3_1,71,1.9073766469955444
20260918,Bearing3_1,72,1.9900404214859009
20260918,Bearing3_1,73,1.232984185218811
20260918,Bearing3_1,74,2.175114154815674
20260918,Bearing3_1,75,1.9895583391189575
20260918,Bearing3_1,76,1.9400370121002197
20260918,Bearing3_1,77,2.0328361988067627
20260918,Bearing3_1,78,1.9249610900878906
20260918,Bearing3_1,79,2.0787129402160645
20260918,Bearing3_1,80,1.9342033863067627
20260918,Bearing3_1,81,1.9283443689346313
20260918,Bearing3_1,82,1.333667516708374
20260918,Bearing3_1,83,1.98172926902771
20260918,Bearing3_1,84,1.6318395137786865
20260918,Bearing3_1,85,2.000697612762451
20260918,Bearing3_1,86,1.909285545349121
20260918,Bearing3_1,87,1.700437068939209
20260918,Bearing3_1,88,1.7678884267807007
20260918,Bearing3_1,89,1.8704273700714111
20260918,Bearing3_1,90,1.8209543228149414
20260918,Bearing3_1,91,1.9923603534698486
20260918,Bearing3_1,92,1.7177163362503052
20260918,Bearing3_1,93,1.8463916778564453
20260918,Bearing3_1,94,1.7577022314071655
20260918,Bearing3_1,95,1.5633442401885986
20260918,Bearing3_1,96,1.737766146659851
20260918,Bearing3_1,97,1.901771068572998
20260918,Bearing3_1,98,1.8807872533798218
20260918,Bearing3_1,99,1.7885226011276245
20260918,Bearing3_1,100,1.758953332901001
20260918,Bearing3_1,101,1.6015523672103882
20260918,Bearing3_1,102,1.7057619094848633
20260918,Bearing3_1,103,1.8538264036178589
20260918,Bearing3_1,104,1.8647123575210571
20260918,Bearing3_1,105,1.8836543560028076
20260918,Bearing3_1,106,1.7054506540298462
20260918,Bearing3_1,107,1.9125946760177612
20260918,Bearing3_1,108,1.6103906631469727
20260918,Bearing3_1,109,1.7574671506881714
20260918,Bearing3_1,110,1.8948627710342407
20260918,Bearing3_1,111,1.698649525642395
20260918,Bearing3_1,112,1.851901650428772
20260918,Bearing3_1,113,1.6697607040405273
20260918,Bearing3_1,114,1.8577182292938232
20260918,Bearing3_1,115,1.6670749187469482
20260918,Bearing3_1,116,1.840692162513733
20260918,Bearing3_1,117,1.6952064037322998
20260918,Bearing3_1,118,1.7939937114715576
20260918,Bearing3_1,119,1.655663251876831
20260918,Bearing3_1,120,1.6203546524047852
20260918,Bearing3_1,121,1.3639928102493286
20260918,Bearing3_1,122,2.0258758068084717
20260918,Bearing3_1,123,1.897524356842041
20260918,Bearing3_1,124,1.4908777475357056
20260918,Bearing3_1,125,1.448546051979065
20260918,Bearing3_1,126,2.0097155570983887
20260918,Bearing3_1,127,1.6926475763320923
20260918,Bearing3_1,128,1.7775413990020752
20260918,Bearing3_1,129,1.739121675491333
20260918,Bearing3_1,130,1.6439298391342163
20260918,Bearing3_1,131,1.8034151792526245
20260918,Bearing3_1,132,1.6965655088424683
20260918,Bearing3_1,133,1.7059475183486938
20260918,Bearing3_1,134,1.7440131902694702
20260918,Bearing3_1,135,1.7568753957748413
20260918,Bearing3_1,136,1.1268715858459473
20260918,Bearing3_1,137,1.6230958700180054
20260918,Bearing3_1,138,1.6685231924057007
20260918,Bearing3_1,139,1.718045711517334
20260918,Bearing3_1,140,1.7503846883773804
20260918,Bearing3_1,141,1.6252769231796265
20260918,Bearing3_1,142,1.5485728979110718
20260918,Bearing3_1,143,1.536056399345398
20260918,Bearing3_1,144,1.632096529006958
20260918,Bearing3_1,145,1.7595250606536865
20260918,Bearing3_1,146,1.6951329708099365
20260918,Bearing3_1,147,1.5911132097244263
20260918,Bearing3_1,148,1.520694613456726
20260918,Bearing3_1,149,1.6208735704421997
20260918,Bearing3_1,150,1.3884541988372803
20260918,Bearing3_1,151,1.6210700273513794
20260918,Bearing3_1,152,1.4083566665649414
20260918,Bearing3_1,153,1.3804821968078613
20260918,Bearing3_1,154,1.6012779474258423
20260918,Bearing3_1,155,1.4878466129302979
20260918,Bearing3_1,156,1.539499044418335
20260918,Bearing3_1,157,1.7654231786727905
20260918,Bearing3_1,158,1.7308614253997803
20260918,Bearing3_1,159,2.007512331008911
20260918,Bearing3_1,160,1.8742256164550781
20260918,Bearing3_1,161,1.5889261960983276
20260918,Bearing3_1,162,1.6651595830917358
20260918,Bearing3_1,163,1.599966287612915
20260918,Bearing3_1,164,1.5855823755264282
20260918,Bearing3_1,165,1.5412784814834595
20260918,Bearing3_1,166,1.6625791788101196
20260918,Bearing3_1,167,1.7345936298370361
20260918,Bearing3_1,168,1.4974513053894043
20260918,Bearing3_1,169,1.5985543727874756
20260918,Bearing3_1,170,1.8010928630828857
20260918,Bearing3_1,171,1.5214624404907227
20260918,Bearing3_1,172,1.6589136123657227
20260918,Bearing3_1,173,1.620932698249817
20260918,Bearing3_1,174,1.5371888875961304
20260918,Bearing3_1,175,1.5767523050308228
20260918,Bearing3_1,176,1.9238837957382202
20260918,Bearing3_1,177,1.6276243925094604
20260918,Bearing3_1,178,1.520623803138733
20260918,Bearing3_1,179,1.6619720458984375
20260918,Bearing3_1,180,1.6353281736373901
20260918,Bearing3_1,181,1.8088555335998535
20260918,Bearing3_1,182,1.5055805444717407
20260918,Bearing3_1,183,2.1124002933502197
20260918,Bearing3_1,184,1.548636794090271
20260918,Bearing3_1,185,1.4623013734817505
20260918,Bearing3_1,186,1.5084065198898315
20260918,Bearing3_1,187,1.545014500617981
20260918,Bearing3_1,188,1.3569550514221191
20260918,Bearing3_1,189,1.3526973724365234
20260918,Bearing3_1,190,1.5037559270858765
20260918,Bearing3_1,191,1.4153592586517334
20260918,Bearing3_1,192,1.4238938093185425
20260918,Bearing3_1,193,1.2844144105911255
20260918,Bearing3_1,194,1.60635244846344
20260918,Bearing3_1,195,1.422998309135437
20260918,Bearing3_1,196,1.5461856126785278
20260918,Bearing3_1,197,1.3123910427093506
20260918,Bearing3_1,198,1.6720845699310303
20260918,Bearing3_1,199,1.460418701171875
20260918,Bearing3_1,200,1.5594334602355957
20260918,Bearing3_2,1,15.167407035827637
20260918,Bearing3_2,2,7.909608364105225
20260918,Bearing3_2,3,8.2627534866333
20260918,Bearing3_2,4,3.6700050830841064
20260918,Bearing3_2,5,5.509150981903076
20260918,Bearing3_2,6,5.469618797302246
20260918,Bearing3_2,7,3.6950974464416504
20260918,Bearing3_2,8,2.9115896224975586
20260918,Bearing3_2,9,3.1351163387298584
20260918,Bearing3_2,10,2.5880279541015625
20260918,Bearing3_2,11,3.0365970134735107
20260918,Bearing3_2,12,2.86564564704895
20260918,Bearing3_2,13,2.468944787979126
20260918,Bearing3_2,14,2.949333906173706
20260918,Bearing3_2,15,2.78359055519104
20260918,Bearing3_2,16,2.2786993980407715
20260918,Bearing3_2,17,2.2816224098205566
20260918,Bearing3_2,18,2.665815830230713
20260918,Bearing3_2,19,2.763810634613037
20260918,Bearing3_2,20,2.7883152961730957
20260918,Bearing3_2,21,2.4900834560394287
20260918,Bearing3_2,22,2.4176673889160156
20260918,Bearing3_2,23,2.4672112464904785
20260918,Bearing3_2,24,2.5635204315185547
20260918,Bearing3_2,25,2.2561028003692627
20260918,Bearing3_2,26,2.1907565593719482
20260918,Bearing3_2,27,2.373558282852173
20260918,Bearing3_2,28,2.411834478378296
20260918,Bearing3_2,29,2.2148706912994385
20260918,Bearing3_2,30,2.1163203716278076
20260918,Bearing3_2,31,2.403315782546997
20260918,Bearing3_2,32,2.1014657020568848
20260918,Bearing3_2,33,2.279960870742798
20260918,Bearing3_2,34,2.4243152141571045
20260918,Bearing3_2,35,2.344959259033203
20260918,Bearing3_2,36,2.3309879302978516
20260918,Bearing3_2,37,1.9089536666870117
20260918,Bearing3_2,38,2.128396511077881
20260918,Bearing3_2,39,2.226503849029541
20260918,Bearing3_2,40,2.097754955291748
20260918,Bearing3_2,41,2.306330919265747
20260918,Bearing3_2,42,2.2439093589782715
20260918,Bearing3_2,43,2.3969876766204834
20260918,Bearing3_2,44,2.3424861431121826
20260918,Bearing3_2,45,2.1969261169433594
20260918,Bearing3_2,46,2.1959362030029297
20260918,Bearing3_2,47,2.0359737873077393
20260918,Bearing3_2,48,2.1115329265594482
20260918,Bearing3_2,49,2.324632406234741
20260918,Bearing3_2,50,2.244730234146118
20260918,Bearing3_2,51,2.073871374130249
20260918,Bearing3_2,52,2.087655782699585
20260918,Bearing3_2,53,2.1693146228790283
20260918,Bearing3_2,54,1.998490571975708
20260918,Bearing3_2,55,2.1366114616394043
20260918,Bearing3_2,56,1.9531373977661133
20260918,Bearing3_2,57,2.170441150665283
20260918,Bearing3_2,58,2.1734182834625244
20260918,Bearing3_2,59,2.2811427116394043
20260918,Bearing3_2,60,2.240323543548584
20260918,Bearing3_2,61,2.19675612449646
20260918,Bearing3_2,62,1.6068010330200195
20260918,Bearing3_2,63,2.166872501373291
20260918,Bearing3_2,64,2.283341646194458
20260918,Bearing3_2,65,2.1977782249450684
20260918,Bearing3_2,66,1.8542362451553345
20260918,Bearing3_2,67,2.2831451892852783
20260918,Bearing3_2,68,2.2168991565704346
20260918,Bearing3_2,69,2.012352705001831
20260918,Bearing3_2,70,2.3186683654785156
20260918,Bearing3_2,71,2.106436252593994
20260918,Bearing3_2,72,2.1322360038757324
20260918,Bearing3_2,73,1.2950443029403687
20260918,Bearing3_2,74,2.301553726196289
20260918,Bearing3_2,75,2.069679021835327
20260918,Bearing3_2,76,2.1755311489105225
20260918,Bearing3_2,77,2.2065465450286865
20260918,Bearing3_2,78,2.0545620918273926
20260918,Bearing3_2,79,2.2834882736206055
20260918,Bearing3_2,80,2.122584581375122
20260918,Bearing3_2,81,2.1155290603637695
20260918,Bearing3_2,82,1.419489860534668
20260918,Bearing3_2,83,2.2266581058502197
20260918,Bearing3_2,84,1.7497857809066772
20260918,Bearing3_2,85,2.1945619583129883
20260918,Bearing3_2,86,2.095264196395874
20260918,Bearing3_2,87,1.9158436059951782
20260918,Bearing3_2,88,2.04388165473938
20260918,Bearing3_2,89,2.0732481479644775
20260918,Bearing3_2,90,1.9288870096206665
20260918,Bearing3_2,91,2.2000527381896973
20260918,Bearing3_2,92,1.9914988279342651
20260918,Bearing3_2,93,2.114041805267334
20260918,Bearing3_2,94,2.1395423412323
20260918,Bearing3_2,95,1.6793609857559204
20260918,Bearing3_2,96,1.5188965797424316
20260918,Bearing3_2,97,2.0245471000671387
20260918,Bearing3_2,98,2.092989683151245
20260918,Bearing3_2,99,2.0096805095672607
20260918,Bearing3_2,100,2.1110401153564453
20260918,Bearing3_2,101,1.7515323162078857
20260918,Bearing3_2,102,1.91880202293396
20260918,Bearing3_2,103,2.1452720165252686
20260918,Bearing3_2,104,2.0173561573028564
20260918,Bearing3_2,105,2.1638152599334717
20260918,Bearing3_2,106,1.8064627647399902
20260918,Bearing3_2,107,2.181067705154419
20260918,Bearing3_2,108,1.7697358131408691
20260918,Bearing3_2,109,2.0891146659851074
20260918,Bearing3_2,110,2.2120916843414307
20260918,Bearing3_2,111,1.8979681730270386
20260918,Bearing3_2,112,1.9353371858596802
20260918,Bearing3_2,113,1.9915640354156494
20260918,Bearing3_2,114,1.9546011686325073
20260918,Bearing3_2,115,1.943609595298767
20260918,Bearing3_2,116,2.0653085708618164
20260918,Bearing3_2,117,1.873025894165039
20260918,Bearing3_2,118,1.9294002056121826
20260918,Bearing3_2,119,1.6595678329467773
20260918,Bearing3_2,120,1.7953699827194214
20260918,Bearing3_2,121,1.4181928634643555
20260918,Bearing3_2,122,2.125837564468384
20260918,Bearing3_2,123,1.9100446701049805
20260918,Bearing3_2,124,1.6981946229934692
20260918,Bearing3_2,125,1.5286483764648438
20260918,Bearing3_2,126,2.0809624195098877
20260918,Bearing3_2,127,1.9051895141601562
20260918,Bearing3_2,128,2.0155439376831055
20260918,Bearing3_2,129,1.8858493566513062
20260918,Bearing3_2,130,1.8948363065719604
20260918,Bearing3_2,131,2.098315715789795
20260918,Bearing3_2,132,2.0165398120880127
20260918,Bearing3_2,133,2.0029773712158203
20260918,Bearing3_2,134,1.9666625261306763
20260918,Bearing3_2,135,1.9255244731903076
20260918,Bearing3_2,136,1.3792096376419067
20260918,Bearing3_2,137,1.7720003128051758
20260918,Bearing3_2,138,1.972747564315796
20260918,Bearing3_2,139,1.9452084302902222
20260918,Bearing3_2,140,1.805366039276123
20260918,Bearing3_2,141,1.9317642450332642
20260918,Bearing3_2,142,1.8561170101165771
20260918,Bearing3_2,143,1.8325004577636719
20260918,Bearing3_2,144,1.9240249395370483
20260918,Bearing3_2,145,2.0526905059814453
20260918,Bearing3_2,146,1.8757177591323853
20260918,Bearing3_2,147,1.845116376876831
20260918,Bearing3_2,148,1.900051474571228
20260918,Bearing3_2,149,1.804887056350708
20260918,Bearing3_2,150,1.7999598979949951
20260918,Bearing3_2,151,1.9267568588256836
20260918,Bearing3_2,152,1.7831834554672241
20260918,Bearing3_2,153,1.6933586597442627
20260918,Bearing3_2,154,2.06412410736084
20260918,Bearing3_2,155,1.7883380651474
20260918,Bearing3_2,156,1.6662380695343018
20260918,Bearing3_2,157,2.0088963508605957
20260918,Bearing3_2,158,2.038874387741089
20260918,Bearing3_2,159,2.2107834815979004
20260918,Bearing3_2,160,1.8771601915359497
20260918,Bearing3_2,161,1.924299955368042
20260918,Bearing3_2,162,1.651898980140686
20260918,Bearing3_2,163,1.86435866355896
20260918,Bearing3_2,164,1.8317755460739136
20260918,Bearing3_2,165,1.7623910903930664
20260918,Bearing3_2,166,1.8913681507110596
20260918,Bearing3_2,167,1.840790033340454
20260918,Bearing3_2,168,1.6546896696090698
20260918,Bearing3_2,169,1.8983526229858398
20260918,Bearing3_2,170,1.9984948635101318
20260918,Bearing3_2,171,1.8165608644485474
20260918,Bearing3_2,172,1.9368451833724976
20260918,Bearing3_2,173,1.8795169591903687
20260918,Bearing3_2,174,1.713228464126587
20260918,Bearing3_2,175,1.910784363746643
20260918,Bearing3_2,176,2.079150915145874
20260918,Bearing3_2,177,1.7766709327697754
20260918,Bearing3_2,178,1.8081072568893433
20260918,Bearing3_2,179,1.9370635747909546
20260918,Bearing3_2,180,1.8444563150405884
20260918,Bearing3_2,181,2.02923321723938
20260918,Bearing3_2,182,1.7290077209472656
20260918,Bearing3_2,183,2.1252529621124268
20260918,Bearing3_2,184,1.738663673400879
20260918,Bearing3_2,185,1.781803846359253
20260918,Bearing3_2,186,1.645304799079895
20260918,Bearing3_2,187,1.810418963432312
20260918,Bearing3_2,188,1.6019554138183594
20260918,Bearing3_2,189,1.623531460762024
20260918,Bearing3_2,190,1.783313274383545
20260918,Bearing3_2,191,1.6887153387069702
20260918,Bearing3_2,192,1.6330578327178955
20260918,Bearing3_2,193,1.403419017791748
20260918,Bearing3_2,194,1.8862696886062622
20260918,Bearing3_2,195,1.7458151578903198
20260918,Bearing3_2,196,1.766403079032898
20260918,Bearing3_2,197,1.7006340026855469
20260918,Bearing3_2,198,1.8419599533081055
20260918,Bearing3_2,199,1.6940478086471558
20260918,Bearing3_2,200,1.6395151615142822
20260918,Bearing3_3,1,16.070693969726562
20260918,Bearing3_3,2,8.674981117248535
20260918,Bearing3_3,3,8.710649490356445
20260918,Bearing3_3,4,4.38159704208374
20260918,Bearing3_3,5,5.962243556976318
20260918,Bearing3_3,6,5.546765327453613
20260918,Bearing3_3,7,4.146398067474365
20260918,Bearing3_3,8,3.290480375289917
20260918,Bearing3_3,9,3.533296823501587
20260918,Bearing3_3,10,3.0071022510528564
20260918,Bearing3_3,11,3.4148786067962646
20260918,Bearing3_3,12,3.140230655670166
20260918,Bearing3_3,13,2.5300028324127197
20260918,Bearing3_3,14,3.1759278774261475
20260918,Bearing3_3,15,2.970393419265747
20260918,Bearing3_3,16,2.218761920928955
20260918,Bearing3_3,17,2.2910163402557373
20260918,Bearing3_3,18,2.797459840774536
20260918,Bearing3_3,19,2.639832019805908
20260918,Bearing3_3,20,2.7942848205566406
20260918,Bearing3_3,21,2.58410382270813
20260918,Bearing3_3,22,2.4010870456695557
20260918,Bearing3_3,23,2.446213483810425
20260918,Bearing3_3,24,2.6257994174957275
20260918,Bearing3_3,25,2.2922234535217285
20260918,Bearing3_3,26,2.1826844215393066
20260918,Bearing3_3,27,2.4729344844818115
20260918,Bearing3_3,28,2.4053871631622314
20260918,Bearing3_3,29,2.2459733486175537
20260918,Bearing3_3,30,2.11930251121521
20260918,Bearing3_3,31,2.43890118598938
20260918,Bearing3_3,32,2.034109592437744
20260918,Bearing3_3,33,2.3005635738372803
20260918,Bearing3_3,34,2.3890347480773926
20260918,Bearing3_3,35,2.3304288387298584
20260918,Bearing3_3,36,2.3035013675689697
20260918,Bearing3_3,37,1.9338083267211914
20260918,Bearing3_3,38,2.0513718128204346
20260918,Bearing3_3,39,2.138460159301758
20260918,Bearing3_3,40,2.0922834873199463
20260918,Bearing3_3,41,2.354118585586548
20260918,Bearing3_3,42,2.2599329948425293
20260918,Bearing3_3,43,2.2990663051605225
20260918,Bearing3_3,44,2.229174852371216
20260918,Bearing3_3,45,2.093350410461426
20260918,Bearing3_3,46,2.177903413772583
20260918,Bearing3_3,47,2.0642008781433105
20260918,Bearing3_3,48,2.1047496795654297
20260918,Bearing3_3,49,2.3030283451080322
20260918,Bearing3_3,50,2.2323923110961914
20260918,Bearing3_3,51,1.931296706199646
20260918,Bearing3_3,52,2.0371294021606445
20260918,Bearing3_3,53,2.0897536277770996
20260918,Bearing3_3,54,1.9861148595809937
20260918,Bearing3_3,55,2.170886278152466
20260918,Bearing3_3,56,2.042428493499756
20260918,Bearing3_3,57,2.061575174331665
20260918,Bearing3_3,58,2.1570029258728027
20260918,Bearing3_3,59,2.2209255695343018
20260918,Bearing3_3,60,2.266944408416748
20260918,Bearing3_3,61,2.0723350048065186
20260918,Bearing3_3,62,1.62034010887146
20260918,Bearing3_3,63,2.1153721809387207
20260918,Bearing3_3,64,2.2575900554656982
20260918,Bearing3_3,65,2.10900616645813
20260918,Bearing3_3,66,1.843377709388733
20260918,Bearing3_3,67,2.241793632507324
20260918,Bearing3_3,68,2.111708879470825
20260918,Bearing3_3,69,2.086592435836792
20260918,Bearing3_3,70,2.1938154697418213
20260918,Bearing3_3,71,2.1085243225097656
20260918,Bearing3_3,72,2.064612627029419
20260918,Bearing3_3,73,1.3481380939483643
20260918,Bearing3_3,74,2.2454655170440674
20260918,Bearing3_3,75,2.128375768661499
20260918,Bearing3_3,76,2.178892135620117
20260918,Bearing3_3,77,2.081254243850708
20260918,Bearing3_3,78,2.0302743911743164
20260918,Bearing3_3,79,2.2358062267303467
20260918,Bearing3_3,80,2.113309144973755
20260918,Bearing3_3,81,2.0782434940338135
20260918,Bearing3_3,82,1.5103263854980469
20260918,Bearing3_3,83,2.133826494216919
20260918,Bearing3_3,84,1.7738933563232422
20260918,Bearing3_3,85,2.0396931171417236
20260918,Bearing3_3,86,2.0009496212005615
20260918,Bearing3_3,87,1.865021824836731
20260918,Bearing3_3,88,2.0620405673980713
20260918,Bearing3_3,89,1.9638890027999878
20260918,Bearing3_3,90,1.8576217889785767
20260918,Bearing3_3,91,2.221569061279297
20260918,Bearing3_3,92,1.9776147603988647
20260918,Bearing3_3,93,2.087493658065796
20260918,Bearing3_3,94,2.1258158683776855
20260918,Bearing3_3,95,1.6291766166687012
20260918,Bearing3_3,96,1.5012801885604858
20260918,Bearing3_3,97,2.0132665634155273
20260918,Bearing3_3,98,1.970929741859436
20260918,Bearing3_3,99,2.011122941970825
20260918,Bearing3_3,100,2.093557596206665
20260918,Bearing3_3,101,1.7221705913543701
20260918,Bearing3_3,102,1.9050747156143188
20260918,Bearing3_3,103,2.0199391841888428
20260918,Bearing3_3,104,1.9217356443405151
20260918,Bearing3_3,105,2.2212750911712646
20260918,Bearing3_3,106,1.7808289527893066
20260918,Bearing3_3,107,2.1577789783477783
20260918,Bearing3_3,108,1.8127340078353882
20260918,Bearing3_3,109,2.0435192584991455
20260918,Bearing3_3,110,2.1821084022521973
20260918,Bearing3_3,111,1.8806746006011963
20260918,Bearing3_3,112,1.9610843658447266
20260918,Bearing3_3,113,1.9872124195098877
20260918,Bearing3_3,114,1.9316980838775635
20260918,Bearing3_3,115,1.9748504161834717
20260918,Bearing3_3,116,1.8702133893966675
20260918,Bearing3_3,117,1.7975914478302002
20260918,Bearing3_3,118,1.9231055974960327
20260918,Bearing3_3,119,1.6822872161865234
20260918,Bearing3_3,120,1.7709277868270874
20260918,Bearing3_3,121,1.461398720741272
20260918,Bearing3_3,122,2.006967544555664
20260918,Bearing3_3,123,1.8984079360961914
20260918,Bearing3_3,124,1.6802759170532227
20260918,Bearing3_3,125,1.4794774055480957
20260918,Bearing3_3,126,1.958452582359314
20260918,Bearing3_3,127,1.9178998470306396
20260918,Bearing3_3,128,1.9370228052139282
20260918,Bearing3_3,129,1.7742489576339722
20260918,Bearing3_3,130,1.8492517471313477
20260918,Bearing3_3,131,1.9571627378463745
20260918,Bearing3_3,132,2.0998449325561523
20260918,Bearing3_3,133,1.920277714729309
20260918,Bearing3_3,134,1.9256600141525269
20260918,Bearing3_3,135,1.8504383563995361
20260918,Bearing3_3,136,1.3121633529663086
20260918,Bearing3_3,137,1.8388346433639526
20260918,Bearing3_3,138,1.9302400350570679
20260918,Bearing3_3,139,1.8823565244674683
20260918,Bearing3_3,140,1.7944540977478027
20260918,Bearing3_3,141,1.9254592657089233
20260918,Bearing3_3,142,1.8037852048873901
20260918,Bearing3_3,143,1.7603379487991333
20260918,Bearing3_3,144,1.8744906187057495
20260918,Bearing3_3,145,2.016990900039673
20260918,Bearing3_3,146,1.8095372915267944
20260918,Bearing3_3,147,1.8570382595062256
20260918,Bearing3_3,148,1.8611729145050049
20260918,Bearing3_3,149,1.812044382095337
20260918,Bearing3_3,150,1.7671263217926025
20260918,Bearing3_3,151,1.7669963836669922
20260918,Bearing3_3,152,1.7172002792358398
20260918,Bearing3_3,153,1.666307806968689
20260918,Bearing3_3,154,2.0502593517303467
20260918,Bearing3_3,155,1.7522563934326172
20260918,Bearing3_3,156,1.6760820150375366
20260918,Bearing3_3,157,1.9799108505249023
20260918,Bearing3_3,158,1.9527028799057007
20260918,Bearing3_3,159,2.148127555847168
20260918,Bearing3_3,160,1.8803497552871704
20260918,Bearing3_3,161,1.7979085445404053
20260918,Bearing3_3,162,1.6430479288101196
20260918,Bearing3_3,163,1.7498912811279297
20260918,Bearing3_3,164,1.8288381099700928
20260918,Bearing3_3,165,1.7414751052856445
20260918,Bearing3_3,166,1.8085881471633911
20260918,Bearing3_3,167,1.6663554906845093
20260918,Bearing3_3,168,1.6400463581085205
20260918,Bearing3_3,169,1.8414946794509888
20260918,Bearing3_3,170,2.043424606323242
20260918,Bearing3_3,171,1.810599446296692
20260918,Bearing3_3,172,1.8737207651138306
20260918,Bearing3_3,173,1.837614893913269
20260918,Bearing3_3,174,1.7441319227218628
20260918,Bearing3_3,175,1.8508623838424683
20260918,Bearing3_3,176,1.9789910316467285
20260918,Bearing3_3,177,1.7590359449386597
20260918,Bearing3_3,178,1.7700269222259521
20260918,Bearing3_3,179,1.9039421081542969
20260918,Bearing3_3,180,1.8023127317428589
20260918,Bearing3_3,181,1.9591330289840698
20260918,Bearing3_3,182,1.6949423551559448
20260918,Bearing3_3,183,1.9943441152572632
20260918,Bearing3_3,184,1.7928255796432495
20260918,Bearing3_3,185,1.8214824199676514
20260918,Bearing3_3,186,1.7009687423706055
20260918,Bearing3_3,187,1.7616163492202759
20260918,Bearing3_3,188,1.6441307067871094
20260918,Bearing3_3,189,1.631442666053772
20260918,Bearing3_3,190,1.775967001914978
20260918,Bearing3_3,191,1.6310927867889404
20260918,Bearing3_3,192,1.7156765460968018
20260918,Bearing3_3,193,1.3873003721237183
20260918,Bearing3_3,194,1.726570963859558
20260918,Bearing3_3,195,1.8009271621704102
20260918,Bearing3_3,196,1.7820196151733398
20260918,Bearing3_3,197,1.6419740915298462
20260918,Bearing3_3,198,1.7124552726745605
20260918,Bearing3_3,199,1.5456708669662476
20260918,Bearing3_3,200,1.6284277439117432
20260921,Bearing3_1,1,2.9410746097564697
20260921,Bearing3_1,2,2.8596386909484863
20260921,Bearing3_1,3,2.4205265045166016
20260921,Bearing3_1,4,2.465660572052002
20260921,Bearing3_1,5,2.5547962188720703
20260921,Bearing3_1,6,2.340136766433716
20260921,Bearing3_1,7,2.186835289001465
20260921,Bearing3_1,8,2.622183322906494
20260921,Bearing3_1,9,2.659498453140259
20260921,Bearing3_1,10,2.5060596466064453
20260921,Bearing3_1,11,2.0953917503356934
20260921,Bearing3_1,12,2.20400071144104
20260921,Bearing3_1,13,2.249685525894165
20260921,Bearing3_1,14,2.0271952152252197
20260921,Bearing3_1,15,2.0632028579711914
20260921,Bearing3_1,16,2.3072893619537354
20260921,Bearing3_1,17,2.147430181503296
20260921,Bearing3_1,18,2.3473591804504395
20260921,Bearing3_1,19,2.177887201309204
20260921,Bearing3_1,20,2.1997950077056885
20260921,Bearing3_1,21,2.404418706893921
20260921,Bearing3_1,22,2.349393129348755
20260921,Bearing3_1,23,2.4026341438293457
20260921,Bearing3_1,24,2.316023111343384
20260921,Bearing3_1,25,1.8739296197891235
20260921,Bearing3_1,26,2.0530989170074463
20260921,Bearing3_1,27,1.9510666131973267
20260921,Bearing3_1,28,2.4155750274658203
20260921,Bearing3_1,29,2.098860502243042
20260921,Bearing3_1,30,2.2274460792541504
20260921,Bearing3_1,31,2.2011828422546387
20260921,Bearing3_1,32,2.074496030807495
20260921,Bearing3_1,33,1.8814301490783691
20260921,Bearing3_1,34,2.1161155700683594
20260921,Bearing3_1,35,1.9881163835525513
20260921,Bearing3_1,36,2.0698137283325195
20260921,Bearing3_1,37,1.9306379556655884
20260921,Bearing3_1,38,1.9609785079956055
20260921,Bearing3_1,39,1.209688663482666
20260921,Bearing3_1,40,2.226936101913452
20260921,Bearing3_1,41,2.18438458442688
20260921,Bearing3_1,42,2.2054619789123535
20260921,Bearing3_1,43,1.9808112382888794
20260921,Bearing3_1,44,1.7236945629119873
20260921,Bearing3_1,45,1.5472551584243774
20260921,Bearing3_1,46,1.2921667098999023
20260921,Bearing3_1,47,2.0039079189300537
20260921,Bearing3_1,48,2.169660806655884
20260921,Bearing3_1,49,2.300368547439575
20260921,Bearing3_1,50,1.9031031131744385
20260921,Bearing3_1,51,1.9520454406738281
20260921,Bearing3_1,52,2.2039084434509277
20260921,Bearing3_1,53,1.6440588235855103
20260921,Bearing3_1,54,1.5297883749008179
20260921,Bearing3_1,55,1.9916902780532837
20260921,Bearing3_1,56,2.0834407806396484
20260921,Bearing3_1,57,2.1972410678863525
20260921,Bearing3_1,58,1.8170409202575684
20260921,Bearing3_1,59,2.066256046295166
20260921,Bearing3_1,60,1.829045295715332
20260921,Bearing3_1,61,1.7996435165405273
20260921,Bearing3_1,62,1.8368922472000122
20260921,Bearing3_1,63,1.3747049570083618
20260921,Bearing3_1,64,1.9138022661209106
20260921,Bearing3_1,65,1.9581245183944702
20260921,Bearing3_1,66,1.9868077039718628
20260921,Bearing3_1,67,1.9614204168319702
20260921,Bearing3_1,68,2.032017707824707
20260921,Bearing3_1,69,1.650430679321289
20260921,Bearing3_1,70,1.557373285293579
20260921,Bearing3_1,71,1.9139835834503174
20260921,Bearing3_1,72,1.6242493391036987
20260921,Bearing3_1,73,1.894745945930481
20260921,Bearing3_1,74,1.8875170946121216
20260921,Bearing3_1,75,1.8730467557907104
20260921,Bearing3_1,76,2.0132250785827637
20260921,Bearing3_1,77,2.011582136154175
20260921,Bearing3_1,78,2.1252410411834717
20260921,Bearing3_1,79,1.8359042406082153
20260921,Bearing3_1,80,1.8068984746932983
20260921,Bearing3_1,81,1.8507356643676758
20260921,Bearing3_1,82,1.9194608926773071
20260921,Bearing3_1,83,1.8235328197479248
20260921,Bearing3_1,84,1.8505340814590454
20260921,Bearing3_1,85,1.9524458646774292
20260921,Bearing3_1,86,1.840559959411621
20260921,Bearing3_1,87,1.8420813083648682
20260921,Bearing3_1,88,1.7773631811141968
20260921,Bearing3_1,89,1.7184016704559326
20260921,Bearing3_1,90,1.9885438680648804
20260921,Bearing3_1,91,1.6465253829956055
20260921,Bearing3_1,92,1.8065253496170044
20260921,Bearing3_1,93,1.7756078243255615
20260921,Bearing3_1,94,1.6705924272537231
20260921,Bearing3_1,95,1.5749660730361938
20260921,Bearing3_1,96,1.5006029605865479
20260921,Bearing3_1,97,1.9242215156555176
20260921,Bearing3_1,98,1.673608660697937
20260921,Bearing3_1,99,1.6137100458145142
20260921,Bearing3_1,100,1.6332461833953857
20260921,Bearing3_1,101,1.5603200197219849
20260921,Bearing3_1,102,1.4559810161590576
20260921,Bearing3_1,103,1.9711494445800781
20260921,Bearing3_1,104,1.5580155849456787
20260921,Bearing3_1,105,1.6261709928512573
20260921,Bearing3_1,106,1.6842795610427856
20260921,Bearing3_1,107,1.7719173431396484
20260921,Bearing3_1,108,1.7013921737670898
20260921,Bearing3_1,109,1.636168360710144
20260921,Bearing3_1,110,1.810980200767517
20260921,Bearing3_1,111,1.861554503440857
20260921,Bearing3_1,112,1.7629648447036743
20260921,Bearing3_1,113,1.7587919235229492
20260921,Bearing3_1,114,1.703933596611023
20260921,Bearing3_1,115,1.6747032403945923
20260921,Bearing3_1,116,1.91270112991333
20260921,Bearing3_1,117,1.5689125061035156
20260921,Bearing3_1,118,1.6392322778701782
20260921,Bearing3_1,119,1.8706754446029663
20260921,Bearing3_1,120,1.5971384048461914
20260921,Bearing3_1,121,1.1748692989349365
20260921,Bearing3_1,122,1.5404510498046875
20260921,Bearing3_1,123,1.6262587308883667
20260921,Bearing3_1,124,1.6776001453399658
20260921,Bearing3_1,125,1.4629415273666382
20260921,Bearing3_1,126,1.6917321681976318
20260921,Bearing3_1,127,1.5665076971054077
20260921,Bearing3_1,128,1.5832747220993042
20260921,Bearing3_1,129,1.5320007801055908
20260921,Bearing3_1,130,1.4794620275497437
20260921,Bearing3_1,131,1.928871989250183
20260921,Bearing3_1,132,1.6938825845718384
20260921,Bearing3_1,133,1.6634243726730347
20260921,Bearing3_1,134,1.6096034049987793
20260921,Bearing3_1,135,1.6986418962478638
20260921,Bearing3_1,136,1.484928846359253
20260921,Bearing3_1,137,1.498677372932434
20260921,Bearing3_1,138,1.60543692111969
20260921,Bearing3_1,139,1.6020441055297852
20260921,Bearing3_1,140,1.692191481590271
20260921,Bearing3_1,141,1.4618312120437622
20260921,Bearing3_1,142,1.639939308166504
20260921,Bearing3_1,143,1.5409905910491943
20260921,Bearing3_1,144,1.4649622440338135
20260921,Bearing3_1,145,1.4785182476043701
20260921,Bearing3_1,146,1.5610547065734863
20260921,Bearing3_1,147,1.7141344547271729
20260921,Bearing3_1,148,1.431663155555725
20260921,Bearing3_1,149,1.2905992269515991
20260921,Bearing3_1,150,1.5410194396972656
20260921,Bearing3_1,151,1.5867366790771484
20260921,Bearing3_1,152,1.5790340900421143
20260921,Bearing3_1,153,1.4720555543899536
20260921,Bearing3_1,154,1.3963748216629028
20260921,Bearing3_1,155,1.346409559249878
20260921,Bearing3_1,156,1.415777325630188
20260921,Bearing3_1,157,1.4216127395629883
20260921,Bearing3_1,158,1.429289698600769
20260921,Bearing3_1,159,1.7811959981918335
20260921,Bearing3_1,160,1.57772696018219
20260921,Bearing3_1,161,1.57942795753479
20260921,Bearing3_1,162,1.3835248947143555
20260921,Bearing3_1,163,1.5087759494781494
20260921,Bearing3_1,164,1.4786500930786133
20260921,Bearing3_1,165,1.3374660015106201
20260921,Bearing3_1,166,1.175350546836853
20260921,Bearing3_1,167,1.4303771257400513
20260921,Bearing3_1,168,1.2603754997253418
20260921,Bearing3_1,169,1.4893320798873901
20260921,Bearing3_1,170,1.5497894287109375
20260921,Bearing3_1,171,1.7287801504135132
20260921,Bearing3_1,172,1.4536248445510864
20260921,Bearing3_1,173,1.3826013803482056
20260921,Bearing3_1,174,1.4319568872451782
20260921,Bearing3_1,175,1.9341912269592285
20260921,Bearing3_1,176,1.602157711982727
20260921,Bearing3_1,177,1.0718097686767578
20260921,Bearing3_1,178,1.431458830833435
20260921,Bearing3_1,179,1.4057422876358032
20260921,Bearing3_1,180,1.4222205877304077
20260921,Bearing3_1,181,1.3587607145309448
20260921,Bearing3_1,182,1.374929666519165
20260921,Bearing3_1,183,1.452492594718933
20260921,Bearing3_1,184,1.3434239625930786
20260921,Bearing3_1,185,1.3127084970474243
20260921,Bearing3_1,186,1.4119549989700317
20260921,Bearing3_1,187,1.2207025289535522
20260921,Bearing3_1,188,1.671797752380371
20260921,Bearing3_1,189,1.5452618598937988
20260921,Bearing3_1,190,1.2677825689315796
20260921,Bearing3_1,191,1.3079044818878174
20260921,Bearing3_1,192,1.697921633720398
20260921,Bearing3_1,193,1.3171513080596924
20260921,Bearing3_1,194,1.2674535512924194
20260921,Bearing3_1,195,1.5380067825317383
20260921,Bearing3_1,196,1.4167494773864746
20260921,Bearing3_1,197,1.4874112606048584
20260921,Bearing3_1,198,1.7482829093933105
20260921,Bearing3_1,199,1.5161926746368408
20260921,Bearing3_1,200,1.5437496900558472
20260921,Bearing3_2,1,7.888494491577148
20260921,Bearing3_2,2,6.0920023918151855
20260921,Bearing3_2,3,4.8759331703186035
20260921,Bearing3_2,4,3.0663859844207764
20260921,Bearing3_2,5,3.2898616790771484
20260921,Bearing3_2,6,3.1602725982666016
20260921,Bearing3_2,7,4.082005500793457
20260921,Bearing3_2,8,3.752143144607544
20260921,Bearing3_2,9,3.551379680633545
20260921,Bearing3_2,10,3.5970733165740967
20260921,Bearing3_2,11,2.301082134246826
20260921,Bearing3_2,12,2.4697113037109375
20260921,Bearing3_2,13,2.542102575302124
20260921,Bearing3_2,14,2.4728331565856934
20260921,Bearing3_2,15,2.168116807937622
20260921,Bearing3_2,16,2.6641647815704346
20260921,Bearing3_2,17,2.8274879455566406
20260921,Bearing3_2,18,2.483823776245117
20260921,Bearing3_2,19,2.43060302734375
20260921,Bearing3_2,20,2.4618592262268066
20260921,Bearing3_2,21,2.398019790649414
20260921,Bearing3_2,22,2.6912739276885986
20260921,Bearing3_2,23,2.5308187007904053
20260921,Bearing3_2,24,2.459449052810669
20260921,Bearing3_2,25,2.015559673309326
20260921,Bearing3_2,26,2.2332401275634766
20260921,Bearing3_2,27,2.078695297241211
20260921,Bearing3_2,28,2.5103251934051514
20260921,Bearing3_2,29,2.2411932945251465
20260921,Bearing3_2,30,2.3866336345672607
20260921,Bearing3_2,31,2.356173515319824
20260921,Bearing3_2,32,2.213003396987915
20260921,Bearing3_2,33,2.0119333267211914
20260921,Bearing3_2,34,2.1900100708007812
20260921,Bearing3_2,35,2.270667791366577
20260921,Bearing3_2,36,2.1745216846466064
20260921,Bearing3_2,37,2.102313756942749
20260921,Bearing3_2,38,2.10565447807312
20260921,Bearing3_2,39,1.3418415784835815
20260921,Bearing3_2,40,2.3331477642059326
20260921,Bearing3_2,41,2.1784489154815674
20260921,Bearing3_2,42,2.4115025997161865
20260921,Bearing3_2,43,2.236729860305786
20260921,Bearing3_2,44,1.7887355089187622
20260921,Bearing3_2,45,1.7139766216278076
20260921,Bearing3_2,46,1.4258846044540405
20260921,Bearing3_2,47,2.2086331844329834
20260921,Bearing3_2,48,2.3665928840637207
20260921,Bearing3_2,49,2.4823625087738037
20260921,Bearing3_2,50,2.050419569015503
20260921,Bearing3_2,51,2.1546549797058105
20260921,Bearing3_2,52,2.172675848007202
20260921,Bearing3_2,53,1.6832966804504395
20260921,Bearing3_2,54,1.5853402614593506
20260921,Bearing3_2,55,2.133559465408325
20260921,Bearing3_2,56,2.130405902862549
20260921,Bearing3_2,57,2.335352659225464
20260921,Bearing3_2,58,2.001322031021118
20260921,Bearing3_2,59,2.2767624855041504
20260921,Bearing3_2,60,2.012112855911255
20260921,Bearing3_2,61,2.0121586322784424
20260921,Bearing3_2,62,1.980430006980896
20260921,Bearing3_2,63,1.3990304470062256
20260921,Bearing3_2,64,2.1896557807922363
20260921,Bearing3_2,65,2.0901827812194824
20260921,Bearing3_2,66,2.1621832847595215
20260921,Bearing3_2,67,2.118802309036255
20260921,Bearing3_2,68,2.2119362354278564
20260921,Bearing3_2,69,1.7897107601165771
20260921,Bearing3_2,70,1.6532025337219238
20260921,Bearing3_2,71,2.1734511852264404
20260921,Bearing3_2,72,1.8403369188308716
20260921,Bearing3_2,73,2.153390407562256
20260921,Bearing3_2,74,2.1142194271087646
20260921,Bearing3_2,75,2.015007257461548
20260921,Bearing3_2,76,2.2491307258605957
20260921,Bearing3_2,77,2.217930793762207
20260921,Bearing3_2,78,1.933163046836853
20260921,Bearing3_2,79,1.940010666847229
20260921,Bearing3_2,80,2.211918354034424
20260921,Bearing3_2,81,2.1466619968414307
20260921,Bearing3_2,82,2.0810739994049072
20260921,Bearing3_2,83,2.1479907035827637
20260921,Bearing3_2,84,2.0997679233551025
20260921,Bearing3_2,85,2.164478302001953
20260921,Bearing3_2,86,1.9763373136520386
20260921,Bearing3_2,87,2.1022446155548096
20260921,Bearing3_2,88,1.864999771118164
20260921,Bearing3_2,89,2.0319178104400635
20260921,Bearing3_2,90,2.18377423286438
20260921,Bearing3_2,91,1.8793877363204956
20260921,Bearing3_2,92,2.1224257946014404
20260921,Bearing3_2,93,2.0874557495117188
20260921,Bearing3_2,94,2.0409607887268066
20260921,Bearing3_2,95,1.914829969406128
20260921,Bearing3_2,96,1.6440997123718262
20260921,Bearing3_2,97,2.184650421142578
20260921,Bearing3_2,98,1.9651037454605103
20260921,Bearing3_2,99,1.9575111865997314
20260921,Bearing3_2,100,1.8458458185195923
20260921,Bearing3_2,101,1.7891534566879272
20260921,Bearing3_2,102,1.6274648904800415
20260921,Bearing3_2,103,2.098566770553589
20260921,Bearing3_2,104,1.5592142343521118
20260921,Bearing3_2,105,2.065814733505249
20260921,Bearing3_2,106,1.8893126249313354
20260921,Bearing3_2,107,2.0936498641967773
20260921,Bearing3_2,108,1.960419774055481
20260921,Bearing3_2,109,2.0600950717926025
20260921,Bearing3_2,110,2.130669116973877
20260921,Bearing3_2,111,2.145634412765503
20260921,Bearing3_2,112,1.8505297899246216
20260921,Bearing3_2,113,1.9665554761886597
20260921,Bearing3_2,114,1.955612063407898
20260921,Bearing3_2,115,2.030557632446289
20260921,Bearing3_2,116,2.133331060409546
20260921,Bearing3_2,117,1.8161771297454834
20260921,Bearing3_2,118,1.7419782876968384
20260921,Bearing3_2,119,2.0975613594055176
20260921,Bearing3_2,120,1.724145531654358
20260921,Bearing3_2,121,1.2639744281768799
20260921,Bearing3_2,122,1.763864517211914
20260921,Bearing3_2,123,1.863876223564148
20260921,Bearing3_2,124,1.979357361793518
20260921,Bearing3_2,125,1.4843288660049438
20260921,Bearing3_2,126,1.7179237604141235
20260921,Bearing3_2,127,1.9427778720855713
20260921,Bearing3_2,128,1.915775179862976
20260921,Bearing3_2,129,1.787597417831421
20260921,Bearing3_2,130,1.8491685390472412
20260921,Bearing3_2,131,1.8949981927871704
20260921,Bearing3_2,132,1.90561044216156
20260921,Bearing3_2,133,2.0203754901885986
20260921,Bearing3_2,134,1.6411093473434448
20260921,Bearing3_2,135,1.9303134679794312
20260921,Bearing3_2,136,1.6880520582199097
20260921,Bearing3_2,137,1.892823576927185
20260921,Bearing3_2,138,1.9135605096817017
20260921,Bearing3_2,139,1.8762362003326416
20260921,Bearing3_2,140,1.8957058191299438
20260921,Bearing3_2,141,1.768471360206604
20260921,Bearing3_2,142,1.8404295444488525
20260921,Bearing3_2,143,1.8237377405166626
20260921,Bearing3_2,144,1.7629892826080322
20260921,Bearing3_2,145,1.7994898557662964
20260921,Bearing3_2,146,1.7031112909317017
20260921,Bearing3_2,147,1.8678913116455078
20260921,Bearing3_2,148,1.633800983428955
20260921,Bearing3_2,149,1.477911114692688
20260921,Bearing3_2,150,1.878081202507019
20260921,Bearing3_2,151,1.8709927797317505
20260921,Bearing3_2,152,1.867621660232544
20260921,Bearing3_2,153,1.7964507341384888
20260921,Bearing3_2,154,1.5717358589172363
20260921,Bearing3_2,155,1.5733219385147095
20260921,Bearing3_2,156,1.7882040739059448
20260921,Bearing3_2,157,1.7228660583496094
20260921,Bearing3_2,158,1.737966537475586
20260921,Bearing3_2,159,2.0809242725372314
20260921,Bearing3_2,160,1.7929863929748535
20260921,Bearing3_2,161,1.7065184116363525
20260921,Bearing3_2,162,1.685078740119934
20260921,Bearing3_2,163,1.7178325653076172
20260921,Bearing3_2,164,1.87807035446167
20260921,Bearing3_2,165,1.6134806871414185
20260921,Bearing3_2,166,1.4716465473175049
20260921,Bearing3_2,167,1.6877318620681763
20260921,Bearing3_2,168,1.4514069557189941
20260921,Bearing3_2,169,1.7322463989257812
20260921,Bearing3_2,170,1.842547059059143
20260921,Bearing3_2,171,1.8359678983688354
20260921,Bearing3_2,172,1.573876976966858
20260921,Bearing3_2,173,1.7414958477020264
20260921,Bearing3_2,174,1.5907419919967651
20260921,Bearing3_2,175,2.131263017654419
20260921,Bearing3_2,176,1.8625284433364868
20260921,Bearing3_2,177,1.2797619104385376
20260921,Bearing3_2,178,1.7415813207626343
20260921,Bearing3_2,179,1.807787537574768
20260921,Bearing3_2,180,1.7273331880569458
20260921,Bearing3_2,181,1.5710307359695435
20260921,Bearing3_2,182,1.660481572151184
20260921,Bearing3_2,183,1.7991257905960083
20260921,Bearing3_2,184,1.6948810815811157
20260921,Bearing3_2,185,1.6761643886566162
20260921,Bearing3_2,186,1.7560818195343018
20260921,Bearing3_2,187,1.6666061878204346
20260921,Bearing3_2,188,1.8267382383346558
20260921,Bearing3_2,189,1.7359660863876343
20260921,Bearing3_2,190,1.6916512250900269
20260921,Bearing3_2,191,1.5286844968795776
20260921,Bearing3_2,192,1.8307744264602661
20260921,Bearing3_2,193,1.613862156867981
20260921,Bearing3_2,194,1.5584676265716553
20260921,Bearing3_2,195,1.9423389434814453
20260921,Bearing3_2,196,1.7163056135177612
20260921,Bearing3_2,197,2.005683183670044
20260921,Bearing3_2,198,1.990338683128357
20260921,Bearing3_2,199,1.7602570056915283
20260921,Bearing3_2,200,1.7673635482788086
20260921,Bearing3_3,1,8.904802322387695
20260921,Bearing3_3,2,7.557796478271484
20260921,Bearing3_3,3,5.393887042999268
20260921,Bearing3_3,4,3.576537609100342
20260921,Bearing3_3,5,3.2213644981384277
20260921,Bearing3_3,6,3.217010736465454
20260921,Bearing3_3,7,4.671669960021973
20260921,Bearing3_3,8,3.9180710315704346
20260921,Bearing3_3,9,3.903517484664917
20260921,Bearing3_3,10,4.054082870483398
20260921,Bearing3_3,11,2.4161791801452637
20260921,Bearing3_3,12,2.4206347465515137
20260921,Bearing3_3,13,2.7411305904388428
20260921,Bearing3_3,14,2.7454614639282227
20260921,Bearing3_3,15,2.1520578861236572
20260921,Bearing3_3,16,2.6689233779907227
20260921,Bearing3_3,17,2.791759490966797
20260921,Bearing3_3,18,2.453530788421631
20260921,Bearing3_3,19,2.4117488861083984
20260921,Bearing3_3,20,2.476975679397583
20260921,Bearing3_3,21,2.4420669078826904
20260921,Bearing3_3,22,2.5537281036376953
20260921,Bearing3_3,23,2.4068655967712402
20260921,Bearing3_3,24,2.5137109756469727
20260921,Bearing3_3,25,2.0688490867614746
20260921,Bearing3_3,26,2.1737611293792725
20260921,Bearing3_3,27,2.0572805404663086
20260921,Bearing3_3,28,2.471994638442993
20260921,Bearing3_3,29,2.1202073097229004
20260921,Bearing3_3,30,2.3845059871673584
20260921,Bearing3_3,31,2.295562505722046
20260921,Bearing3_3,32,2.1889431476593018
20260921,Bearing3_3,33,1.9245682954788208
20260921,Bearing3_3,34,2.089873790740967
20260921,Bearing3_3,35,2.260371446609497
20260921,Bearing3_3,36,2.024146556854248
20260921,Bearing3_3,37,1.9668811559677124
20260921,Bearing3_3,38,2.0790514945983887
20260921,Bearing3_3,39,1.438583493232727
20260921,Bearing3_3,40,2.2687299251556396
20260921,Bearing3_3,41,2.1710410118103027
20260921,Bearing3_3,42,2.238205909729004
20260921,Bearing3_3,43,2.1585288047790527
20260921,Bearing3_3,44,1.7180778980255127
20260921,Bearing3_3,45,1.7357313632965088
20260921,Bearing3_3,46,1.4061325788497925
20260921,Bearing3_3,47,2.1325631141662598
20260921,Bearing3_3,48,2.219787120819092
20260921,Bearing3_3,49,2.445749521255493
20260921,Bearing3_3,50,2.0416953563690186
20260921,Bearing3_3,51,2.031567096710205
20260921,Bearing3_3,52,2.1117796897888184
20260921,Bearing3_3,53,1.9564818143844604
20260921,Bearing3_3,54,1.5529721975326538
20260921,Bearing3_3,55,2.159392833709717
20260921,Bearing3_3,56,2.1171441078186035
20260921,Bearing3_3,57,2.1537225246429443
20260921,Bearing3_3,58,1.9262709617614746
20260921,Bearing3_3,59,2.242811679840088
20260921,Bearing3_3,60,1.9451611042022705
20260921,Bearing3_3,61,1.9208163022994995
20260921,Bearing3_3,62,1.9097493886947632
20260921,Bearing3_3,63,1.3343915939331055
20260921,Bearing3_3,64,2.185088634490967
20260921,Bearing3_3,65,2.0242996215820312
20260921,Bearing3_3,66,2.1446430683135986
20260921,Bearing3_3,67,2.0498368740081787
20260921,Bearing3_3,68,2.0685014724731445
20260921,Bearing3_3,69,1.7234922647476196
20260921,Bearing3_3,70,1.5870202779769897
20260921,Bearing3_3,71,2.1395373344421387
20260921,Bearing3_3,72,1.8025503158569336
20260921,Bearing3_3,73,2.0985090732574463
20260921,Bearing3_3,74,2.0196166038513184
20260921,Bearing3_3,75,1.8946831226348877
20260921,Bearing3_3,76,2.2351317405700684
20260921,Bearing3_3,77,2.0567171573638916
20260921,Bearing3_3,78,1.8332217931747437
20260921,Bearing3_3,79,1.870707392692566
20260921,Bearing3_3,80,2.065359592437744
20260921,Bearing3_3,81,2.1250977516174316
20260921,Bearing3_3,82,1.9197272062301636
20260921,Bearing3_3,83,2.16648268699646
20260921,Bearing3_3,84,2.001274824142456
20260921,Bearing3_3,85,2.050715208053589
20260921,Bearing3_3,86,1.8643171787261963
20260921,Bearing3_3,87,2.0095088481903076
20260921,Bearing3_3,88,1.8264045715332031
20260921,Bearing3_3,89,1.8588905334472656
20260921,Bearing3_3,90,2.13228702545166
20260921,Bearing3_3,91,1.8326845169067383
20260921,Bearing3_3,92,2.0382208824157715
20260921,Bearing3_3,93,2.171210527420044
20260921,Bearing3_3,94,1.9735866785049438
20260921,Bearing3_3,95,1.8021824359893799
20260921,Bearing3_3,96,1.6291766166687012
20260921,Bearing3_3,97,1.9699455499649048
20260921,Bearing3_3,98,1.945344090461731
20260921,Bearing3_3,99,1.8980432748794556
20260921,Bearing3_3,100,1.8987241983413696
20260921,Bearing3_3,101,1.7813307046890259
20260921,Bearing3_3,102,1.619065523147583
20260921,Bearing3_3,103,1.9976892471313477
20260921,Bearing3_3,104,1.6788208484649658
20260921,Bearing3_3,105,1.963544249534607
20260921,Bearing3_3,106,1.8587971925735474
20260921,Bearing3_3,107,2.0414271354675293
20260921,Bearing3_3,108,1.9217004776000977
20260921,Bearing3_3,109,1.9670218229293823
20260921,Bearing3_3,110,2.0888333320617676
20260921,Bearing3_3,111,1.8980189561843872
20260921,Bearing3_3,112,1.888693928718567
20260921,Bearing3_3,113,1.8230457305908203
20260921,Bearing3_3,114,1.8999500274658203
20260921,Bearing3_3,115,1.9891915321350098
20260921,Bearing3_3,116,2.105499744415283
20260921,Bearing3_3,117,1.697751760482788
20260921,Bearing3_3,118,1.7796517610549927
20260921,Bearing3_3,119,1.993067741394043
20260921,Bearing3_3,120,1.6271591186523438
20260921,Bearing3_3,121,1.323655605316162
20260921,Bearing3_3,122,1.7759835720062256
20260921,Bearing3_3,123,1.9042333364486694
20260921,Bearing3_3,124,1.8262453079223633
20260921,Bearing3_3,125,1.4697694778442383
20260921,Bearing3_3,126,1.6484142541885376
20260921,Bearing3_3,127,1.9692142009735107
20260921,Bearing3_3,128,1.92257559299469
20260921,Bearing3_3,129,1.662992238998413
20260921,Bearing3_3,130,1.9142132997512817
20260921,Bearing3_3,131,1.7980114221572876
20260921,Bearing3_3,132,1.8975530862808228
20260921,Bearing3_3,133,2.079651355743408
20260921,Bearing3_3,134,1.5550934076309204
20260921,Bearing3_3,135,1.8884764909744263
20260921,Bearing3_3,136,1.6932785511016846
20260921,Bearing3_3,137,1.7938412427902222
20260921,Bearing3_3,138,1.9466904401779175
20260921,Bearing3_3,139,1.8278342485427856
20260921,Bearing3_3,140,1.8782578706741333
20260921,Bearing3_3,141,1.8102843761444092
20260921,Bearing3_3,142,1.815995216369629
20260921,Bearing3_3,143,1.7844678163528442
20260921,Bearing3_3,144,1.7205883264541626
20260921,Bearing3_3,145,1.855546236038208
20260921,Bearing3_3,146,1.693396806716919
20260921,Bearing3_3,147,1.7957277297973633
20260921,Bearing3_3,148,1.561387538909912
20260921,Bearing3_3,149,1.466046929359436
20260921,Bearing3_3,150,1.8999308347702026
20260921,Bearing3_3,151,1.7492543458938599
20260921,Bearing3_3,152,1.802050232887268
20260921,Bearing3_3,153,1.7954446077346802
20260921,Bearing3_3,154,1.598214030265808
20260921,Bearing3_3,155,1.4976247549057007
20260921,Bearing3_3,156,1.8534289598464966
20260921,Bearing3_3,157,1.729304552078247
20260921,Bearing3_3,158,1.6920700073242188
20260921,Bearing3_3,159,1.9210830926895142
20260921,Bearing3_3,160,1.7065718173980713
20260921,Bearing3_3,161,1.6266456842422485
20260921,Bearing3_3,162,1.6475969552993774
20260921,Bearing3_3,163,1.5900911092758179
20260921,Bearing3_3,164,1.8067647218704224
20260921,Bearing3_3,165,1.6827820539474487
20260921,Bearing3_3,166,1.4279124736785889
20260921,Bearing3_3,167,1.7047500610351562
20260921,Bearing3_3,168,1.444053292274475
20260921,Bearing3_3,169,1.682654619216919
20260921,Bearing3_3,170,1.853119134902954
20260921,Bearing3_3,171,1.8387328386306763
20260921,Bearing3_3,172,1.5311836004257202
20260921,Bearing3_3,173,1.8289644718170166
20260921,Bearing3_3,174,1.6384989023208618
20260921,Bearing3_3,175,2.0582797527313232
20260921,Bearing3_3,176,1.8484119176864624
20260921,Bearing3_3,177,1.1862941980361938
20260921,Bearing3_3,178,1.754442811012268
20260921,Bearing3_3,179,1.7265479564666748
20260921,Bearing3_3,180,1.7890008687973022
20260921,Bearing3_3,181,1.561108112335205
20260921,Bearing3_3,182,1.6094954013824463
20260921,Bearing3_3,183,1.7592123746871948
20260921,Bearing3_3,184,1.7332316637039185
20260921,Bearing3_3,185,1.7030712366104126
20260921,Bearing3_3,186,1.7373050451278687
20260921,Bearing3_3,187,1.6475591659545898
20260921,Bearing3_3,188,1.9452800750732422
20260921,Bearing3_3,189,1.8486226797103882
20260921,Bearing3_3,190,1.8270721435546875
20260921,Bearing3_3,191,1.5663220882415771
20260921,Bearing3_3,192,1.6964765787124634
20260921,Bearing3_3,193,1.6943986415863037
20260921,Bearing3_3,194,1.5584237575531006
20260921,Bearing3_3,195,1.834641456604004
20260921,Bearing3_3,196,1.6920708417892456
20260921,Bearing3_3,197,1.9114466905593872
20260921,Bearing3_3,198,1.8093267679214478
20260921,Bearing3_3,199,1.702399492263794
20260921,Bearing3_3,200,1.666561484336853
20260924,Bearing3_1,1,3.7093183994293213
20260924,Bearing3_1,2,2.5607128143310547
20260924,Bearing3_1,3,3.915351390838623
20260924,Bearing3_1,4,1.9482698440551758
20260924,Bearing3_1,5,2.8599750995635986
20260924,Bearing3_1,6,2.708873987197876
20260924,Bearing3_1,7,2.493361234664917
20260924,Bearing3_1,8,2.236921787261963
20260924,Bearing3_1,9,2.5363502502441406
20260924,Bearing3_1,10,2.3007867336273193
20260924,Bearing3_1,11,2.074690103530884
20260924,Bearing3_1,12,2.1586129665374756
20260924,Bearing3_1,13,2.16066575050354
20260924,Bearing3_1,14,2.59476900100708
20260924,Bearing3_1,15,2.2598717212677
20260924,Bearing3_1,16,2.0954086780548096
20260924,Bearing3_1,17,2.2935311794281006
20260924,Bearing3_1,18,2.082163095474243
20260924,Bearing3_1,19,2.1241872310638428
20260924,Bearing3_1,20,1.997846245765686
20260924,Bearing3_1,21,1.730185866355896
20260924,Bearing3_1,22,2.3274319171905518
20260924,Bearing3_1,23,2.0537142753601074
20260924,Bearing3_1,24,1.9291027784347534
20260924,Bearing3_1,25,2.0917580127716064
20260924,Bearing3_1,26,2.3354430198669434
20260924,Bearing3_1,27,2.335181713104248
20260924,Bearing3_1,28,1.7906053066253662
20260924,Bearing3_1,29,2.0853161811828613
20260924,Bearing3_1,30,2.383945941925049
20260924,Bearing3_1,31,2.2664544582366943
20260924,Bearing3_1,32,2.1016488075256348
20260924,Bearing3_1,33,2.0239059925079346
20260924,Bearing3_1,34,2.177021026611328
20260924,Bearing3_1,35,1.7004258632659912
20260924,Bearing3_1,36,2.022270917892456
20260924,Bearing3_1,37,2.2598907947540283
20260924,Bearing3_1,38,2.1670360565185547
20260924,Bearing3_1,39,2.206890821456909
20260924,Bearing3_1,40,1.6898349523544312
20260924,Bearing3_1,41,2.1767730712890625
20260924,Bearing3_1,42,1.9041454792022705
20260924,Bearing3_1,43,1.7563996315002441
20260924,Bearing3_1,44,2.1598336696624756
20260924,Bearing3_1,45,1.7777265310287476
20260924,Bearing3_1,46,1.7659066915512085
20260924,Bearing3_1,47,2.1611995697021484
20260924,Bearing3_1,48,1.2406164407730103
20260924,Bearing3_1,49,1.9499183893203735
20260924,Bearing3_1,50,1.6361058950424194
20260924,Bearing3_1,51,2.0091440677642822
20260924,Bearing3_1,52,1.9003514051437378
20260924,Bearing3_1,53,1.8552205562591553
20260924,Bearing3_1,54,1.9372371435165405
20260924,Bearing3_1,55,2.053745985031128
20260924,Bearing3_1,56,2.0021772384643555
20260924,Bearing3_1,57,1.5661139488220215
20260924,Bearing3_1,58,2.1427860260009766
20260924,Bearing3_1,59,1.9808282852172852
20260924,Bearing3_1,60,1.8837518692016602
20260924,Bearing3_1,61,1.841721534729004
20260924,Bearing3_1,62,1.7743068933486938
20260924,Bearing3_1,63,1.7962965965270996
20260924,Bearing3_1,64,1.9401018619537354
20260924,Bearing3_1,65,1.6229891777038574
20260924,Bearing3_1,66,1.839210867881775
20260924,Bearing3_1,67,1.6706992387771606
20260924,Bearing3_1,68,1.723404049873352
20260924,Bearing3_1,69,1.6348541975021362
20260924,Bearing3_1,70,2.037156820297241
20260924,Bearing3_1,71,1.8905633687973022
20260924,Bearing3_1,72,1.961537480354309
20260924,Bearing3_1,73,1.5827264785766602
20260924,Bearing3_1,74,1.8057011365890503
20260924,Bearing3_1,75,2.018563747406006
20260924,Bearing3_1,76,1.758088231086731
20260924,Bearing3_1,77,1.9089657068252563
20260924,Bearing3_1,78,1.7357757091522217
20260924,Bearing3_1,79,1.7679804563522339
20260924,Bearing3_1,80,1.7965842485427856
20260924,Bearing3_1,81,1.8833508491516113
20260924,Bearing3_1,82,1.7657113075256348
20260924,Bearing3_1,83,1.7510758638381958
20260924,Bearing3_1,84,1.8258925676345825
20260924,Bearing3_1,85,1.7779744863510132
20260924,Bearing3_1,86,1.7911605834960938
20260924,Bearing3_1,87,1.9159938097000122
20260924,Bearing3_1,88,2.0410335063934326
20260924,Bearing3_1,89,1.5909290313720703
20260924,Bearing3_1,90,1.84561288356781
20260924,Bearing3_1,91,1.931209683418274
20260924,Bearing3_1,92,1.737592101097107
20260924,Bearing3_1,93,1.6681499481201172
20260924,Bearing3_1,94,1.6644665002822876
20260924,Bearing3_1,95,1.9265838861465454
20260924,Bearing3_1,96,1.80998694896698
20260924,Bearing3_1,97,1.8403271436691284
20260924,Bearing3_1,98,1.6541658639907837
20260924,Bearing3_1,99,1.8755987882614136
20260924,Bearing3_1,100,1.8657282590866089
20260924,Bearing3_1,101,1.608146071434021
20260924,Bearing3_1,102,1.7333824634552002
20260924,Bearing3_1,103,1.6713420152664185
20260924,Bearing3_1,104,1.8201801776885986
20260924,Bearing3_1,105,1.6680132150650024
20260924,Bearing3_1,106,1.6747934818267822
20260924,Bearing3_1,107,1.8462632894515991
20260924,Bearing3_1,108,1.6781103610992432
20260924,Bearing3_1,109,1.6991544961929321
20260924,Bearing3_1,110,1.613075852394104
20260924,Bearing3_1,111,1.1876806020736694
20260924,Bearing3_1,112,1.7711268663406372
20260924,Bearing3_1,113,1.846791386604309
20260924,Bearing3_1,114,1.0852530002593994
20260924,Bearing3_1,115,1.1471480131149292
20260924,Bearing3_1,116,1.7441412210464478
20260924,Bearing3_1,117,1.3645446300506592
20260924,Bearing3_1,118,1.7595359086990356
20260924,Bearing3_1,119,1.9058574438095093
20260924,Bearing3_1,120,1.6931761503219604
20260924,Bearing3_1,121,1.686034917831421
20260924,Bearing3_1,122,1.5486180782318115
20260924,Bearing3_1,123,1.597040057182312
20260924,Bearing3_1,124,1.679958462715149
20260924,Bearing3_1,125,1.666867971420288
20260924,Bearing3_1,126,1.5748449563980103
20260924,Bearing3_1,127,1.9251388311386108
20260924,Bearing3_1,128,1.6434316635131836
20260924,Bearing3_1,129,1.5727334022521973
20260924,Bearing3_1,130,1.637679100036621
20260924,Bearing3_1,131,1.7033013105392456
20260924,Bearing3_1,132,1.5797542333602905
20260924,Bearing3_1,133,1.6129289865493774
20260924,Bearing3_1,134,1.6442829370498657
20260924,Bearing3_1,135,1.6133006811141968
20260924,Bearing3_1,136,1.5586013793945312
20260924,Bearing3_1,137,1.4782071113586426
20260924,Bearing3_1,138,1.4309167861938477
20260924,Bearing3_1,139,1.6134337186813354
20260924,Bearing3_1,140,1.5482920408248901
20260924,Bearing3_1,141,1.537769079208374
20260924,Bearing3_1,142,1.6078945398330688
20260924,Bearing3_1,143,1.527726411819458
20260924,Bearing3_1,144,1.6698243618011475
20260924,Bearing3_1,145,1.5625898838043213
20260924,Bearing3_1,146,1.7749910354614258
20260924,Bearing3_1,147,1.6508134603500366
20260924,Bearing3_1,148,1.5062015056610107
20260924,Bearing3_1,149,1.566466212272644
20260924,Bearing3_1,150,1.3920154571533203
20260924,Bearing3_1,151,1.6689180135726929
20260924,Bearing3_1,152,1.5684295892715454
20260924,Bearing3_1,153,1.705212950706482
20260924,Bearing3_1,154,1.719185471534729
20260924,Bearing3_1,155,1.4818211793899536
20260924,Bearing3_1,156,1.536320686340332
20260924,Bearing3_1,157,1.4530941247940063
20260924,Bearing3_1,158,1.4857456684112549
20260924,Bearing3_1,159,1.635445475578308
20260924,Bearing3_1,160,1.5184755325317383
20260924,Bearing3_1,161,1.6609879732131958
20260924,Bearing3_1,162,1.347414255142212
20260924,Bearing3_1,163,1.378171682357788
20260924,Bearing3_1,164,1.44631028175354
20260924,Bearing3_1,165,1.6299629211425781
20260924,Bearing3_1,166,1.587467074394226
20260924,Bearing3_1,167,1.5865352153778076
20260924,Bearing3_1,168,1.3416290283203125
20260924,Bearing3_1,169,1.4085054397583008
20260924,Bearing3_1,170,1.357725739479065
20260924,Bearing3_1,171,1.2931221723556519
20260924,Bearing3_1,172,1.6777936220169067
20260924,Bearing3_1,173,1.5375865697860718
20260924,Bearing3_1,174,1.3855968713760376
20260924,Bearing3_1,175,1.3750817775726318
20260924,Bearing3_1,176,1.6164737939834595
20260924,Bearing3_1,177,1.3989282846450806
20260924,Bearing3_1,178,1.4640909433364868
20260924,Bearing3_1,179,1.392690658569336
20260924,Bearing3_1,180,1.3506929874420166
20260924,Bearing3_1,181,1.3083635568618774
20260924,Bearing3_1,182,1.4209173917770386
20260924,Bearing3_1,183,1.8389370441436768
20260924,Bearing3_1,184,1.322826623916626
20260924,Bearing3_1,185,1.3387327194213867
20260924,Bearing3_1,186,1.5004098415374756
20260924,Bearing3_1,187,1.3845888376235962
20260924,Bearing3_1,188,1.3936346769332886
20260924,Bearing3_1,189,1.4704622030258179
20260924,Bearing3_1,190,1.4222471714019775
20260924,Bearing3_1,191,1.3455908298492432
20260924,Bearing3_1,192,1.4824985265731812
20260924,Bearing3_1,193,1.3037132024765015
20260924,Bearing3_1,194,1.6061625480651855
20260924,Bearing3_1,195,1.4147897958755493
20260924,Bearing3_1,196,1.4376658201217651
20260924,Bearing3_1,197,1.2881534099578857
20260924,Bearing3_1,198,1.3145948648452759
20260924,Bearing3_1,199,1.2344512939453125
20260924,Bearing3_1,200,1.35556161403656
20260924,Bearing3_2,1,8.484880447387695
20260924,Bearing3_2,2,5.455352306365967
20260924,Bearing3_2,3,9.36899471282959
20260924,Bearing3_2,4,2.4278197288513184
20260924,Bearing3_2,5,4.0329508781433105
20260924,Bearing3_2,6,5.165229320526123
20260924,Bearing3_2,7,3.309605121612549
20260924,Bearing3_2,8,3.145825147628784
20260924,Bearing3_2,9,2.989302158355713
20260924,Bearing3_2,10,3.6061456203460693
20260924,Bearing3_2,11,2.671598196029663
20260924,Bearing3_2,12,2.6530537605285645
20260924,Bearing3_2,13,2.6314499378204346
20260924,Bearing3_2,14,2.8063111305236816
20260924,Bearing3_2,15,2.8488452434539795
20260924,Bearing3_2,16,2.8124754428863525
20260924,Bearing3_2,17,2.56368088722229
20260924,Bearing3_2,18,2.4375901222229004
20260924,Bearing3_2,19,2.328629493713379
20260924,Bearing3_2,20,2.149268388748169
20260924,Bearing3_2,21,2.1564383506774902
20260924,Bearing3_2,22,2.5177724361419678
20260924,Bearing3_2,23,2.2037243843078613
20260924,Bearing3_2,24,2.046304225921631
20260924,Bearing3_2,25,2.272343158721924
20260924,Bearing3_2,26,2.6368048191070557
20260924,Bearing3_2,27,2.4410593509674072
20260924,Bearing3_2,28,1.8859665393829346
20260924,Bearing3_2,29,2.258849859237671
20260924,Bearing3_2,30,2.467970609664917
20260924,Bearing3_2,31,2.459800958633423
20260924,Bearing3_2,32,2.1217362880706787
20260924,Bearing3_2,33,2.22753643989563
20260924,Bearing3_2,34,2.5363128185272217
20260924,Bearing3_2,35,1.8593711853027344
20260924,Bearing3_2,36,2.1950523853302
20260924,Bearing3_2,37,2.365673780441284
20260924,Bearing3_2,38,2.4240450859069824
20260924,Bearing3_2,39,2.316333532333374
20260924,Bearing3_2,40,1.7901042699813843
20260924,Bearing3_2,41,2.295166492462158
20260924,Bearing3_2,42,2.188438892364502
20260924,Bearing3_2,43,1.900942325592041
20260924,Bearing3_2,44,2.2469003200531006
20260924,Bearing3_2,45,2.011927604675293
20260924,Bearing3_2,46,1.7971687316894531
20260924,Bearing3_2,47,2.330686569213867
20260924,Bearing3_2,48,1.2696601152420044
20260924,Bearing3_2,49,1.9617509841918945
20260924,Bearing3_2,50,1.7570310831069946
20260924,Bearing3_2,51,2.304823160171509
20260924,Bearing3_2,52,1.9697850942611694
20260924,Bearing3_2,53,1.9536406993865967
20260924,Bearing3_2,54,2.184899091720581
20260924,Bearing3_2,55,2.1552765369415283
20260924,Bearing3_2,56,2.258829355239868
20260924,Bearing3_2,57,1.7278386354446411
20260924,Bearing3_2,58,2.359088182449341
20260924,Bearing3_2,59,2.082921266555786
20260924,Bearing3_2,60,1.959903359413147
20260924,Bearing3_2,61,2.0917160511016846
20260924,Bearing3_2,62,1.9585784673690796
20260924,Bearing3_2,63,2.071436643600464
20260924,Bearing3_2,64,2.0302884578704834
20260924,Bearing3_2,65,1.755579948425293
20260924,Bearing3_2,66,2.1280243396759033
20260924,Bearing3_2,67,1.7566505670547485
20260924,Bearing3_2,68,1.9616583585739136
20260924,Bearing3_2,69,1.7483744621276855
20260924,Bearing3_2,70,2.1147186756134033
20260924,Bearing3_2,71,2.170336961746216
20260924,Bearing3_2,72,2.1385440826416016
20260924,Bearing3_2,73,1.7978954315185547
20260924,Bearing3_2,74,2.070002555847168
20260924,Bearing3_2,75,2.2605807781219482
20260924,Bearing3_2,76,1.8832062482833862
20260924,Bearing3_2,77,2.1436829566955566
20260924,Bearing3_2,78,1.9944905042648315
20260924,Bearing3_2,79,2.134068012237549
20260924,Bearing3_2,80,2.072582960128784
20260924,Bearing3_2,81,2.0391287803649902
20260924,Bearing3_2,82,1.8504618406295776
20260924,Bearing3_2,83,2.017793893814087
20260924,Bearing3_2,84,2.056627035140991
20260924,Bearing3_2,85,2.029003858566284
20260924,Bearing3_2,86,1.926222562789917
20260924,Bearing3_2,87,2.008012533187866
20260924,Bearing3_2,88,2.2248036861419678
20260924,Bearing3_2,89,1.7893342971801758
20260924,Bearing3_2,90,2.07773494720459
20260924,Bearing3_2,91,2.123697519302368
20260924,Bearing3_2,92,2.0517332553863525
20260924,Bearing3_2,93,1.7761037349700928
20260924,Bearing3_2,94,1.9277150630950928
20260924,Bearing3_2,95,2.1639633178710938
20260924,Bearing3_2,96,2.133242130279541
20260924,Bearing3_2,97,2.1364591121673584
20260924,Bearing3_2,98,1.8844432830810547
20260924,Bearing3_2,99,1.8976870775222778
20260924,Bearing3_2,100,2.029477119445801
20260924,Bearing3_2,101,1.8662800788879395
20260924,Bearing3_2,102,1.827760934829712
20260924,Bearing3_2,103,1.8772708177566528
20260924,Bearing3_2,104,2.051201581954956
20260924,Bearing3_2,105,1.9463951587677002
20260924,Bearing3_2,106,1.8731958866119385
20260924,Bearing3_2,107,1.9734504222869873
20260924,Bearing3_2,108,1.9183664321899414
20260924,Bearing3_2,109,1.8944998979568481
20260924,Bearing3_2,110,1.9008246660232544
20260924,Bearing3_2,111,1.317476749420166
20260924,Bearing3_2,112,2.170783519744873
20260924,Bearing3_2,113,2.1874032020568848
20260924,Bearing3_2,114,1.1410245895385742
20260924,Bearing3_2,115,1.1310690641403198
20260924,Bearing3_2,116,1.990125060081482
20260924,Bearing3_2,117,1.5125787258148193
20260924,Bearing3_2,118,1.9153259992599487
20260924,Bearing3_2,119,2.2111191749572754
20260924,Bearing3_2,120,1.8926018476486206
20260924,Bearing3_2,121,1.8787590265274048
20260924,Bearing3_2,122,1.754414439201355
20260924,Bearing3_2,123,1.8213715553283691
20260924,Bearing3_2,124,1.9246981143951416
20260924,Bearing3_2,125,1.9784729480743408
20260924,Bearing3_2,126,1.7775933742523193
20260924,Bearing3_2,127,2.0170276165008545
20260924,Bearing3_2,128,1.9048317670822144
20260924,Bearing3_2,129,1.8203123807907104
20260924,Bearing3_2,130,1.9342135190963745
20260924,Bearing3_2,131,1.9337342977523804
20260924,Bearing3_2,132,1.713558554649353
20260924,Bearing3_2,133,1.8860852718353271
20260924,Bearing3_2,134,1.7473335266113281
20260924,Bearing3_2,135,1.956618309020996
20260924,Bearing3_2,136,1.8545538187026978
20260924,Bearing3_2,137,1.5007432699203491
20260924,Bearing3_2,138,1.7320369482040405
20260924,Bearing3_2,139,1.8661774396896362
20260924,Bearing3_2,140,1.7607965469360352
20260924,Bearing3_2,141,1.7152994871139526
20260924,Bearing3_2,142,1.8951387405395508
20260924,Bearing3_2,143,1.8352025747299194
20260924,Bearing3_2,144,1.8637778759002686
20260924,Bearing3_2,145,1.8701096773147583
20260924,Bearing3_2,146,1.8367754220962524
20260924,Bearing3_2,147,1.573427677154541
20260924,Bearing3_2,148,1.8533381223678589
20260924,Bearing3_2,149,1.735283374786377
20260924,Bearing3_2,150,1.5603774785995483
20260924,Bearing3_2,151,1.7164663076400757
20260924,Bearing3_2,152,1.7755757570266724
20260924,Bearing3_2,153,1.9313007593154907
20260924,Bearing3_2,154,1.8995009660720825
20260924,Bearing3_2,155,1.6852151155471802
20260924,Bearing3_2,156,1.687167763710022
20260924,Bearing3_2,157,1.7772568464279175
20260924,Bearing3_2,158,1.6688178777694702
20260924,Bearing3_2,159,1.7386034727096558
20260924,Bearing3_2,160,1.8674119710922241
20260924,Bearing3_2,161,1.8798327445983887
20260924,Bearing3_2,162,1.6084505319595337
20260924,Bearing3_2,163,1.6860008239746094
20260924,Bearing3_2,164,1.8094816207885742
20260924,Bearing3_2,165,1.8290581703186035
20260924,Bearing3_2,166,1.9101686477661133
20260924,Bearing3_2,167,1.9220495223999023
20260924,Bearing3_2,168,1.6222347021102905
20260924,Bearing3_2,169,1.7014425992965698
20260924,Bearing3_2,170,1.7293827533721924
20260924,Bearing3_2,171,1.6230906248092651
20260924,Bearing3_2,172,1.876959204673767
20260924,Bearing3_2,173,1.7839027643203735
20260924,Bearing3_2,174,1.5931707620620728
20260924,Bearing3_2,175,1.7029951810836792
20260924,Bearing3_2,176,1.6780555248260498
20260924,Bearing3_2,177,1.77415931224823
20260924,Bearing3_2,178,1.593052625656128
20260924,Bearing3_2,179,1.7145881652832031
20260924,Bearing3_2,180,1.6858985424041748
20260924,Bearing3_2,181,1.5946084260940552
20260924,Bearing3_2,182,1.734814167022705
20260924,Bearing3_2,183,1.8877499103546143
20260924,Bearing3_2,184,1.6241657733917236
20260924,Bearing3_2,185,1.7915135622024536
20260924,Bearing3_2,186,1.785029649734497
20260924,Bearing3_2,187,1.6187881231307983
20260924,Bearing3_2,188,1.7224682569503784
20260924,Bearing3_2,189,1.7054083347320557
20260924,Bearing3_2,190,1.7707974910736084
20260924,Bearing3_2,191,1.6401437520980835
20260924,Bearing3_2,192,1.7087193727493286
20260924,Bearing3_2,193,1.7411576509475708
20260924,Bearing3_2,194,1.9061236381530762
20260924,Bearing3_2,195,1.606610894203186
20260924,Bearing3_2,196,1.7512365579605103
20260924,Bearing3_2,197,1.7022323608398438
20260924,Bearing3_2,198,1.6009918451309204
20260924,Bearing3_2,199,1.609419822692871
20260924,Bearing3_2,200,1.5589889287948608
20260924,Bearing3_3,1,9.840886116027832
20260924,Bearing3_3,2,6.307288646697998
20260924,Bearing3_3,3,9.074743270874023
20260924,Bearing3_3,4,4.177467346191406
20260924,Bearing3_3,5,3.9673004150390625
20260924,Bearing3_3,6,5.624032497406006
20260924,Bearing3_3,7,4.0124640464782715
20260924,Bearing3_3,8,3.534783124923706
20260924,Bearing3_3,9,3.1426279544830322
20260924,Bearing3_3,10,3.626765012741089
20260924,Bearing3_3,11,2.92376971244812
20260924,Bearing3_3,12,2.771428346633911
20260924,Bearing3_3,13,2.7912614345550537
20260924,Bearing3_3,14,2.770254135131836
20260924,Bearing3_3,15,2.959599256515503
20260924,Bearing3_3,16,2.7394468784332275
20260924,Bearing3_3,17,2.5975425243377686
20260924,Bearing3_3,18,2.4512383937835693
20260924,Bearing3_3,19,2.2912867069244385
20260924,Bearing3_3,20,2.2423267364501953
20260924,Bearing3_3,21,2.0466127395629883
20260924,Bearing3_3,22,2.4882514476776123
20260924,Bearing3_3,23,2.226001024246216
20260924,Bearing3_3,24,1.9962033033370972
20260924,Bearing3_3,25,2.2314207553863525
20260924,Bearing3_3,26,2.483311414718628
20260924,Bearing3_3,27,2.346789836883545
20260924,Bearing3_3,28,1.8538700342178345
20260924,Bearing3_3,29,2.279203176498413
20260924,Bearing3_3,30,2.3082454204559326
20260924,Bearing3_3,31,2.440425157546997
20260924,Bearing3_3,32,2.084820032119751
20260924,Bearing3_3,33,2.1789262294769287
20260924,Bearing3_3,34,2.4002935886383057
20260924,Bearing3_3,35,1.8500213623046875
20260924,Bearing3_3,36,2.116300106048584
20260924,Bearing3_3,37,2.294816732406616
20260924,Bearing3_3,38,2.3535616397857666
20260924,Bearing3_3,39,2.1812644004821777
20260924,Bearing3_3,40,1.8008127212524414
20260924,Bearing3_3,41,2.1911208629608154
20260924,Bearing3_3,42,2.128666639328003
20260924,Bearing3_3,43,1.7646712064743042
20260924,Bearing3_3,44,2.1788125038146973
20260924,Bearing3_3,45,1.9889713525772095
20260924,Bearing3_3,46,1.8191279172897339
20260924,Bearing3_3,47,2.3177101612091064
20260924,Bearing3_3,48,1.2329288721084595
20260924,Bearing3_3,49,2.014240026473999
20260924,Bearing3_3,50,1.9078155755996704
20260924,Bearing3_3,51,2.270613193511963
20260924,Bearing3_3,52,1.985748052597046
20260924,Bearing3_3,53,1.9241857528686523
20260924,Bearing3_3,54,2.1050188541412354
20260924,Bearing3_3,55,2.0539464950561523
20260924,Bearing3_3,56,2.169541597366333
20260924,Bearing3_3,57,1.7471907138824463
20260924,Bearing3_3,58,2.194861888885498
20260924,Bearing3_3,59,2.052563428878784
20260924,Bearing3_3,60,1.892422080039978
20260924,Bearing3_3,61,2.034726619720459
20260924,Bearing3_3,62,1.8353925943374634
20260924,Bearing3_3,63,1.959825873374939
20260924,Bearing3_3,64,1.9017438888549805
20260924,Bearing3_3,65,1.7295587062835693
20260924,Bearing3_3,66,2.1197683811187744
20260924,Bearing3_3,67,1.9197736978530884
20260924,Bearing3_3,68,2.024407148361206
20260924,Bearing3_3,69,1.84246027469635
20260924,Bearing3_3,70,2.1091208457946777
20260924,Bearing3_3,71,2.0541090965270996
20260924,Bearing3_3,72,2.015779733657837
20260924,Bearing3_3,73,1.7935421466827393
20260924,Bearing3_3,74,1.9409493207931519
20260924,Bearing3_3,75,2.1025278568267822
20260924,Bearing3_3,76,1.805862307548523
20260924,Bearing3_3,77,2.1061618328094482
20260924,Bearing3_3,78,1.913682222366333
20260924,Bearing3_3,79,2.0228524208068848
20260924,Bearing3_3,80,1.903127670288086
20260924,Bearing3_3,81,1.9789460897445679
20260924,Bearing3_3,82,1.767411708831787
20260924,Bearing3_3,83,1.9796119928359985
20260924,Bearing3_3,84,1.9477237462997437
20260924,Bearing3_3,85,2.0134241580963135
20260924,Bearing3_3,86,1.8790664672851562
20260924,Bearing3_3,87,2.05802321434021
20260924,Bearing3_3,88,2.0543062686920166
20260924,Bearing3_3,89,1.7591010332107544
20260924,Bearing3_3,90,2.0333898067474365
20260924,Bearing3_3,91,1.9574609994888306
20260924,Bearing3_3,92,2.0100600719451904
20260924,Bearing3_3,93,1.8161932229995728
20260924,Bearing3_3,94,1.8676435947418213
20260924,Bearing3_3,95,2.042083263397217
20260924,Bearing3_3,96,2.0834808349609375
20260924,Bearing3_3,97,2.1086020469665527
20260924,Bearing3_3,98,1.802441120147705
20260924,Bearing3_3,99,1.8681690692901611
20260924,Bearing3_3,100,2.0706143379211426
20260924,Bearing3_3,101,1.7645139694213867
20260924,Bearing3_3,102,1.741086721420288
20260924,Bearing3_3,103,1.824941635131836
20260924,Bearing3_3,104,2.0237185955047607
20260924,Bearing3_3,105,1.9822813272476196
20260924,Bearing3_3,106,1.793643832206726
20260924,Bearing3_3,107,1.8454574346542358
20260924,Bearing3_3,108,1.9077701568603516
20260924,Bearing3_3,109,1.7903985977172852
20260924,Bearing3_3,110,1.9260441064834595
20260924,Bearing3_3,111,1.3205090761184692
20260924,Bearing3_3,112,2.14634370803833
20260924,Bearing3_3,113,2.0564911365509033
20260924,Bearing3_3,114,1.0728861093521118
20260924,Bearing3_3,115,1.1527602672576904
20260924,Bearing3_3,116,2.023350715637207
20260924,Bearing3_3,117,1.413694977760315
20260924,Bearing3_3,118,1.867772102355957
20260924,Bearing3_3,119,2.1931681632995605
20260924,Bearing3_3,120,1.8558682203292847
20260924,Bearing3_3,121,1.7975413799285889
20260924,Bearing3_3,122,1.7487881183624268
20260924,Bearing3_3,123,1.8103712797164917
20260924,Bearing3_3,124,1.9144126176834106
20260924,Bearing3_3,125,1.959830641746521
20260924,Bearing3_3,126,1.7526623010635376
20260924,Bearing3_3,127,1.993731141090393
20260924,Bearing3_3,128,1.96933913230896
20260924,Bearing3_3,129,1.8489922285079956
20260924,Bearing3_3,130,1.9131231307983398
20260924,Bearing3_3,131,1.839640498161316
20260924,Bearing3_3,132,1.5977855920791626
20260924,Bearing3_3,133,1.7976481914520264
20260924,Bearing3_3,134,1.77643620967865
20260924,Bearing3_3,135,1.8540807962417603
20260924,Bearing3_3,136,1.9218456745147705
20260924,Bearing3_3,137,1.5476120710372925
20260924,Bearing3_3,138,1.7810900211334229
20260924,Bearing3_3,139,1.708677887916565
20260924,Bearing3_3,140,1.6801122426986694
20260924,Bearing3_3,141,1.780892252922058
20260924,Bearing3_3,142,1.7482844591140747
20260924,Bearing3_3,143,1.7697993516921997
20260924,Bearing3_3,144,1.8219131231307983
20260924,Bearing3_3,145,1.8970668315887451
20260924,Bearing3_3,146,1.7571338415145874
20260924,Bearing3_3,147,1.5690526962280273
20260924,Bearing3_3,148,1.807074785232544
20260924,Bearing3_3,149,1.659779667854309
20260924,Bearing3_3,150,1.519034743309021
20260924,Bearing3_3,151,1.7382593154907227
20260924,Bearing3_3,152,1.6976892948150635
20260924,Bearing3_3,153,1.829058051109314
20260924,Bearing3_3,154,1.8496159315109253
20260924,Bearing3_3,155,1.7043852806091309
20260924,Bearing3_3,156,1.613044261932373
20260924,Bearing3_3,157,1.7443630695343018
20260924,Bearing3_3,158,1.609975814819336
20260924,Bearing3_3,159,1.7761471271514893
20260924,Bearing3_3,160,1.918868899345398
20260924,Bearing3_3,161,1.7825428247451782
20260924,Bearing3_3,162,1.6082346439361572
20260924,Bearing3_3,163,1.615279197692871
20260924,Bearing3_3,164,1.8143383264541626
20260924,Bearing3_3,165,1.8629728555679321
20260924,Bearing3_3,166,1.973376989364624
20260924,Bearing3_3,167,1.7629061937332153
20260924,Bearing3_3,168,1.7086766958236694
20260924,Bearing3_3,169,1.6932250261306763
20260924,Bearing3_3,170,1.6929212808609009
20260924,Bearing3_3,171,1.6051231622695923
20260924,Bearing3_3,172,1.7827495336532593
20260924,Bearing3_3,173,1.7390731573104858
20260924,Bearing3_3,174,1.562952995300293
20260924,Bearing3_3,175,1.6445114612579346
20260924,Bearing3_3,176,1.5584933757781982
20260924,Bearing3_3,177,1.7725480794906616
20260924,Bearing3_3,178,1.6145074367523193
20260924,Bearing3_3,179,1.7066302299499512
20260924,Bearing3_3,180,1.740176796913147
20260924,Bearing3_3,181,1.638585090637207
20260924,Bearing3_3,182,1.68152916431427
20260924,Bearing3_3,183,1.8376531600952148
20260924,Bearing3_3,184,1.8091965913772583
20260924,Bearing3_3,185,1.8199961185455322
20260924,Bearing3_3,186,1.7322280406951904
20260924,Bearing3_3,187,1.6766854524612427
20260924,Bearing3_3,188,1.7534136772155762
20260924,Bearing3_3,189,1.7587472200393677
20260924,Bearing3_3,190,1.7935255765914917
20260924,Bearing3_3,191,1.6975772380828857
20260924,Bearing3_3,192,1.7148712873458862
20260924,Bearing3_3,193,1.770429015159607
20260924,Bearing3_3,194,1.7624293565750122
20260924,Bearing3_3,195,1.6700009107589722
20260924,Bearing3_3,196,1.8244949579238892
20260924,Bearing3_3,197,1.643473744392395
20260924,Bearing3_3,198,1.6280062198638916
20260924,Bearing3_3,199,1.6843167543411255
20260924,Bearing3_3,200,1.6031287908554077
