arm,seed,bearing_id,split,scope,target_start_step,target_count,gru_mse,persistence_mse,mse_ratio,skill,gru_rmse,persistence_rmse,gru_win_fraction,gru_median_step_mse,persistence_median_step_mse
control,20260916,Bearing1_1,train,primary,25,98,0.024918629062401144,0.00833786647107714,2.988609753926893,-1.9886097539268932,0.1578563557871559,0.09131191855983062,0.17346938775510204,0.024502876549377106,0.0006810361910538631
control,20260916,Bearing1_1,train,full_sequence_diagnostic,1,122,0.024589307267039704,0.00788148678085409,3.1198818130067387,-2.1198818130067387,0.15680978052098568,0.08877773809268903,0.16393442622950818,0.020327993252749366,0.0011544518965820316
control,20260916,Bearing1_2,train,primary,25,136,0.0191979346616707,0.009941434409771757,1.931103085365672,-0.9311030853656721,0.1385566117573272,0.09970674204772592,0.10294117647058823,0.008970826285803923,7.018252643220535e-05
control,20260916,Bearing1_2,train,full_sequence_diagnostic,1,160,0.02000030735262004,0.008695448909705241,2.3000891110172725,-1.3000891110172725,0.14142244288874392,0.09324939093476826,0.0875,0.00981927846396502,0.00017575316547735476
control,20260916,Bearing1_3,train,primary,25,133,0.012328341071043745,0.002705652369428734,4.556513323863083,-3.556513323863083,0.11103306296344231,0.05201588574107658,0.05263157894736842,0.00884165659408609,0.0006128351124061737
control,20260916,Bearing1_3,train,full_sequence_diagnostic,1,157,0.01281454320343955,0.0024834080616558357,5.160063463309905,-4.160063463309905,0.11320133922988522,0.04983380440680639,0.044585987261146494,0.00889693872522912,0.0006128351124061737
control,20260916,Bearing1_4,validation,primary,25,97,0.05939611263270851,0.03877501019310031,1.5318142364609244,-0.5318142364609244,0.24371317697799705,0.19691371255730342,0.07216494845360824,0.008692212613823358,0.0009561158694850747
control,20260916,Bearing1_4,validation,full_sequence_diagnostic,1,121,0.05524746147117249,0.03128171097419343,1.7661265880485295,-0.7661265880485295,0.2350477855057828,0.176866364733924,0.05785123966942149,0.012338000914041913,0.0009025831204780843
control,20260916,Bearing1_5,holdout_test,primary,25,27,0.039104090585662256,0.008694134638168339,4.497755350370399,-3.497755350370399,0.19774754255277677,0.09324234359006824,0.07407407407407407,0.035005728364922106,0.0004942103014400345
control,20260916,Bearing1_5,holdout_test,full_sequence_diagnostic,1,51,0.03128813161522965,0.005012204918733123,6.242388753558382,-5.242388753558382,0.17688451491080176,0.07079692732550702,0.0392156862745098,0.023762293625622988,0.00031926027895679
control,20260917,Bearing1_1,train,primary,25,98,0.02510475965685505,0.00833786647107714,3.0109332817861563,-2.0109332817861563,0.15844481580933803,0.09131191855983062,0.17346938775510204,0.02346996875712648,0.0006810361910538631
control,20260917,Bearing1_1,train,full_sequence_diagnostic,1,122,0.025318397304641353,0.00788148678085409,3.212388475502548,-2.212388475502548,0.15911755812807507,0.08877773809268903,0.18032786885245902,0.02049747783166822,0.0011544518965820316
control,20260917,Bearing1_2,train,primary,25,136,0.019205069492294138,0.009941434409771757,1.931820771599806,-0.9318207715998059,0.1385823563527989,0.09970674204772592,0.11029411764705882,0.00881507196208986,7.018252643220535e-05
control,20260917,Bearing1_2,train,full_sequence_diagnostic,1,160,0.020169283558784622,0.008695448909705241,2.319521828973442,-1.3195218289734418,0.14201860286168366,0.09324939093476826,0.09375,0.009974339060136117,0.00017575316547735476
control,20260917,Bearing1_3,train,primary,25,133,0.01255368662571233,0.002705652369428734,4.639800281646267,-3.6398002816462673,0.11204323551965255,0.05201588574107658,0.12781954887218044,0.007545148762574172,0.0006128351124061737
control,20260917,Bearing1_3,train,full_sequence_diagnostic,1,157,0.013131965358920548,0.0024834080616558357,5.287880619250582,-4.287880619250582,0.11459478766034932,0.04983380440680639,0.12738853503184713,0.007552006441983394,0.0006128351124061737
control,20260917,Bearing1_4,validation,primary,25,97,0.059463560953203994,0.03877501019310031,1.5335537155780048,-0.5335537155780048,0.2438515141499105,0.19691371255730342,0.09278350515463918,0.00773727499472443,0.0009561158694850747
control,20260917,Bearing1_4,validation,full_sequence_diagnostic,1,121,0.05562995995024133,0.03128171097419343,1.7783541314646933,-0.7783541314646933,0.23586004314050596,0.176866364733924,0.0743801652892562,0.01245308651778032,0.0009025831204780843
control,20260917,Bearing1_5,holdout_test,primary,25,27,0.042072485818905575,0.008694134638168339,4.83918038653348,-3.8391803865334797,0.20511578637176023,0.09324234359006824,0.07407407407407407,0.032103372854180634,0.0004942103014400345
control,20260917,Bearing1_5,holdout_test,full_sequence_diagnostic,1,51,0.03329017466656767,0.005012204918733123,6.641822352902132,-5.641822352902132,0.18245595267507078,0.07079692732550702,0.0392156862745098,0.025208051316440105,0.00031926027895679
control,20260918,Bearing1_1,train,primary,25,98,0.02554432344502843,0.00833786647107714,3.0636522584809933,-2.0636522584809933,0.15982591606190916,0.09131191855983062,0.17346938775510204,0.02547190627387863,0.0006810361910538631
control,20260918,Bearing1_1,train,full_sequence_diagnostic,1,122,0.026015758432413928,0.00788148678085409,3.3008693861686194,-2.3008693861686194,0.16129401238860025,0.08877773809268903,0.18032786885245902,0.017900132982276773,0.0011544518965820316
control,20260918,Bearing1_2,train,primary,25,136,0.020248817621810106,0.009941434409771757,2.036810462875145,-1.036810462875145,0.14229834019344748,0.09970674204772592,0.11029411764705882,0.01074518270615954,7.018252643220535e-05
control,20260918,Bearing1_2,train,full_sequence_diagnostic,1,160,0.021512680464723245,0.008695448909705241,2.474016084518917,-1.474016084518917,0.14667201663822327,0.09324939093476826,0.09375,0.01247130666160956,0.00017575316547735476
control,20260918,Bearing1_3,train,primary,25,133,0.010790707287949413,0.002705652369428734,3.988209058145833,-2.988209058145833,0.1038783292508568,0.05201588574107658,0.09774436090225563,0.006971961240196833,0.0006128351124061737
control,20260918,Bearing1_3,train,full_sequence_diagnostic,1,157,0.01216011961184569,0.0024834080616558357,4.896545114594584,-3.896545114594584,0.11027293236259608,0.04983380440680639,0.08280254777070063,0.008115726726828143,0.0006128351124061737
control,20260918,Bearing1_4,validation,primary,25,97,0.058075046693593625,0.03877501019310031,1.497744201855235,-0.49774420185523494,0.24098764842537806,0.19691371255730342,0.05154639175257732,0.007189916614152025,0.0009561158694850747
control,20260918,Bearing1_4,validation,full_sequence_diagnostic,1,121,0.05477337747017233,0.03128171097419343,1.7509712788842942,-0.7509712788842942,0.23403712840097046,0.176866364733924,0.04132231404958678,0.012194432485557627,0.0009025831204780843
control,20260918,Bearing1_5,holdout_test,primary,25,27,0.03683894362590486,0.008694134638168339,4.237217981899808,-3.237217981899808,0.19193473793429072,0.09324234359006824,0.07407407407407407,0.03289557644893648,0.0004942103014400345
control,20260918,Bearing1_5,holdout_test,full_sequence_diagnostic,1,51,0.03172669987450001,0.005012204918733123,6.329888819174457,-5.329888819174457,0.17811990308356898,0.07079692732550702,0.0392156862745098,0.02616030216865539,0.00031926027895679
ranking,20260916,Bearing1_1,train,primary,25,98,0.024665279733146257,0.00833786647107714,2.9582243633556096,-1.9582243633556096,0.1570518377261032,0.09131191855983062,0.17346938775510204,0.023684087209403515,0.0006810361910538631
ranking,20260916,Bearing1_1,train,full_sequence_diagnostic,1,122,0.024359541170540757,0.00788148678085409,3.0907291793872673,-2.0907291793872673,0.15607543423146628,0.08877773809268903,0.1721311475409836,0.020193880884107784,0.0011544518965820316
ranking,20260916,Bearing1_2,train,primary,25,136,0.019363943019050193,0.009941434409771757,1.9478017176290725,-0.9478017176290725,0.13915438555449913,0.09970674204772592,0.10294117647058823,0.008737878971260216,7.018252643220535e-05
ranking,20260916,Bearing1_2,train,full_sequence_diagnostic,1,160,0.020087685810015306,0.008695448909705241,2.3101378685112923,-1.3101378685112923,0.14173103333432416,0.09324939093476826,0.0875,0.009713798423490516,0.00017575316547735476
ranking,20260916,Bearing1_3,train,primary,25,133,0.012416681930030902,0.002705652369428734,4.589163807711386,-3.589163807711386,0.11143016615814096,0.05201588574107658,0.05263157894736842,0.008693557156220777,0.0006128351124061737
ranking,20260916,Bearing1_3,train,full_sequence_diagnostic,1,157,0.012851614432184293,0.0024834080616558357,5.174991025685629,-4.174991025685629,0.11336496121899522,0.04983380440680639,0.044585987261146494,0.008997678582090884,0.0006128351124061737
ranking,20260916,Bearing1_4,validation,primary,25,97,0.0591827770141935,0.03877501019310031,1.5263123521944186,-0.5263123521944186,0.24327510561953006,0.19691371255730342,0.07216494845360824,0.008652872063976247,0.0009561158694850747
ranking,20260916,Bearing1_4,validation,full_sequence_diagnostic,1,121,0.054977870210741686,0.03128171097419343,1.7575084130179754,-0.7575084130179754,0.2344736023750684,0.176866364733924,0.05785123966942149,0.012241966254805448,0.0009025831204780843
ranking,20260916,Bearing1_5,holdout_test,primary,25,27,0.03921763328577509,0.008694134638168339,4.510815040016148,-3.5108150400161477,0.19803442449679068,0.09324234359006824,0.07407407407407407,0.03526585071813315,0.0004942103014400345
ranking,20260916,Bearing1_5,holdout_test,full_sequence_diagnostic,1,51,0.03117265370866005,0.005012204918733123,6.21934941090541,-5.21934941090541,0.17655779141306693,0.07079692732550702,0.0392156862745098,0.023402006430842448,0.00031926027895679
ranking,20260917,Bearing1_1,train,primary,25,98,0.024960348724504585,0.00833786647107714,2.9936133915178957,-1.9936133915178957,0.1579884449081786,0.09131191855983062,0.17346938775510204,0.022921489231521264,0.0006810361910538631
ranking,20260917,Bearing1_1,train,full_sequence_diagnostic,1,122,0.025233426987968526,0.00788148678085409,3.2016074745270418,-2.2016074745270418,0.15885032888844935,0.08877773809268903,0.18032786885245902,0.019677142539876513,0.0011544518965820316
ranking,20260917,Bearing1_2,train,primary,25,136,0.019210024759193416,0.009941434409771757,1.932319217467377,-0.9323192174673769,0.13860023361882698,0.09970674204772592,0.10294117647058823,0.008615477883722633,7.018252643220535e-05
ranking,20260917,Bearing1_2,train,full_sequence_diagnostic,1,160,0.020175170237378838,0.008695448909705241,2.3201988128365345,-1.3201988128365345,0.14203932637610908,0.09324939093476826,0.0875,0.009327610197942704,0.00017575316547735476
ranking,20260917,Bearing1_3,train,primary,25,133,0.012689571475633469,0.002705652369428734,4.690022864361071,-3.6900228643610706,0.11264799809865006,0.05201588574107658,0.12781954887218044,0.007997663211426698,0.0006128351124061737
ranking,20260917,Bearing1_3,train,full_sequence_diagnostic,1,157,0.013257670905208695,0.0024834080616558357,5.338498779120906,-4.338498779120906,0.11514195979402424,0.04983380440680639,0.12738853503184713,0.008070433640568808,0.0006128351124061737
ranking,20260917,Bearing1_4,validation,primary,25,97,0.059410291827684175,0.03877501019310031,1.5321799151520465,-0.5321799151520465,0.24374226516483385,0.19691371255730342,0.09278350515463918,0.007773064076900482,0.0009561158694850747
ranking,20260917,Bearing1_4,validation,full_sequence_diagnostic,1,121,0.05557122600020433,0.03128171097419343,1.7764765503411593,-0.7764765503411593,0.23573550008474398,0.176866364733924,0.0743801652892562,0.012488555508753052,0.0009025831204780843
ranking,20260917,Bearing1_5,holdout_test,primary,25,27,0.041740224452013246,0.008694134638168339,4.800963659887258,-3.800963659887258,0.20430424482132828,0.09324234359006824,0.07407407407407407,0.032307096873410046,0.0004942103014400345
ranking,20260917,Bearing1_5,holdout_test,full_sequence_diagnostic,1,51,0.03308989656387473,0.005012204918733123,6.6018642693959295,-5.6018642693959295,0.18190628511372203,0.07079692732550702,0.0392156862745098,0.02501711738295853,0.00031926027895679
ranking,20260918,Bearing1_1,train,primary,25,98,0.025509424374617184,0.00833786647107714,3.059466646906101,-2.059466646906101,0.15971670036228894,0.09131191855983062,0.17346938775510204,0.024697703517972514,0.0006810361910538631
ranking,20260918,Bearing1_1,train,full_sequence_diagnostic,1,122,0.025989020749906225,0.00788148678085409,3.297476919334487,-2.297476919334487,0.16121110616178472,0.08877773809268903,0.18032786885245902,0.018193175754277036,0.0011544518965820316
ranking,20260918,Bearing1_2,train,primary,25,136,0.020336341868539193,0.009941434409771757,2.045614448610147,-1.0456144486101469,0.142605546415766,0.09970674204772592,0.10294117647058823,0.010231671949441079,7.018252643220535e-05
ranking,20260918,Bearing1_2,train,full_sequence_diagnostic,1,160,0.021536246398239655,0.008695448909705241,2.476726230224,-1.476726230224,0.14675233012882505,0.09324939093476826,0.0875,0.011909538772670203,0.00017575316547735476
ranking,20260918,Bearing1_3,train,primary,25,133,0.01104495053530953,0.002705652369428734,4.08217650578723,-3.0821765057872303,0.1050949596094386,0.05201588574107658,0.09022556390977443,0.007260636310093105,0.0006128351124061737
ranking,20260918,Bearing1_3,train,full_sequence_diagnostic,1,157,0.012340785280491137,0.0024834080616558357,4.969294201397898,-3.969294201397898,0.11108908713501582,0.04983380440680639,0.07643312101910828,0.00812647833754454,0.0006128351124061737
ranking,20260918,Bearing1_4,validation,primary,25,97,0.05801715445877799,0.03877501019310031,1.4962511723362915,-0.49625117233629146,0.24086750394932477,0.19691371255730342,0.05154639175257732,0.007356487596553052,0.0009561158694850747
ranking,20260918,Bearing1_4,validation,full_sequence_diagnostic,1,121,0.05462724252883135,0.03128171097419343,1.7462997012502723,-0.7462997012502723,0.23372471527168742,0.176866364733924,0.04132231404958678,0.011987583737209206,0.0009025831204780843
ranking,20260918,Bearing1_5,holdout_test,primary,25,27,0.03702959360535058,0.008694134638168339,4.25914655643657,-3.25914655643657,0.1924307501553496,0.09324234359006824,0.07407407407407407,0.032372460580518236,0.0004942103014400345
ranking,20260918,Bearing1_5,holdout_test,full_sequence_diagnostic,1,51,0.03165063146724044,0.005012204918733123,6.314712183643203,-5.314712183643203,0.17790624347459097,0.07079692732550702,0.0392156862745098,0.025692018685276707,0.00031926027895679
