bearing_id,feature,steps,full_spearman
Bearing3_1,h_mean,2538,-0.04652621834137733
Bearing3_1,h_std,2538,0.39869507845069496
Bearing3_1,h_variance,2538,0.3986949790644754
Bearing3_1,h_rms,2538,0.4142875949042866
Bearing3_1,h_peak,2538,0.33245077682981256
Bearing3_1,h_peak_to_peak,2538,0.3563106678306683
Bearing3_1,h_crest_factor,2538,0.06775597571527506
Bearing3_1,h_shape_factor,2538,0.11187878071010522
Bearing3_1,h_impulse_factor,2538,0.0694941377810919
Bearing3_1,h_clearance_factor,2538,0.06980020951896833
Bearing3_1,h_kurtosis,2538,0.05811758023446774
Bearing3_1,h_skewness,2538,0.22172183550702895
Bearing3_1,h_line_integral,2538,0.931734881825036
Bearing3_1,h_zero_crossing_rate,2538,0.6223898327540774
Bearing3_1,h_entropy,2538,-0.08237859020097268
Bearing3_1,h_percentile_5,2538,-0.4380373033110552
Bearing3_1,h_percentile_50,2538,0.021553098921276437
Bearing3_1,h_percentile_95,2538,0.343017058926016
Bearing3_1,v_mean,2538,-0.1074326759747531
Bearing3_1,v_std,2538,0.38389533379698637
Bearing3_1,v_variance,2538,0.38389538547477914
Bearing3_1,v_rms,2538,0.38940281756592693
Bearing3_1,v_peak,2538,0.39317300550080153
Bearing3_1,v_peak_to_peak,2538,0.4096265011839004
Bearing3_1,v_crest_factor,2538,0.18012059654466617
Bearing3_1,v_shape_factor,2538,0.019797371010913913
Bearing3_1,v_impulse_factor,2538,0.17395310563108823
Bearing3_1,v_clearance_factor,2538,0.17038798733051452
Bearing3_1,v_kurtosis,2538,0.0867190228999938
Bearing3_1,v_skewness,2538,-0.32720410819332624
Bearing3_1,v_line_integral,2538,0.8000845991225153
Bearing3_1,v_zero_crossing_rate,2538,0.5278687890964617
Bearing3_1,v_entropy,2538,-0.17877092152045312
Bearing3_1,v_percentile_5,2538,-0.49789562701304135
Bearing3_1,v_percentile_50,2538,-0.01730250103939557
Bearing3_1,v_percentile_95,2538,0.2667643881152943
Bearing3_1,cross_correlation,2538,0.937926658474979
Bearing3_1,h_spectral_centroid,2538,0.8405404190616232
Bearing3_1,h_spectral_bandwidth,2538,0.8550948578678583
Bearing3_1,h_spectral_rolloff,2538,0.8636074640478303
Bearing3_1,h_spectral_flatness,2538,-0.9394909999730152
Bearing3_1,h_band_power_0_1k,2538,0.28113032103742575
Bearing3_1,h_band_power_1_3k,2538,-0.38989629303648077
Bearing3_1,h_band_power_3_6k,2538,-0.6194985125187004
Bearing3_1,h_band_power_6_12k,2538,0.8165349986149649
Bearing3_1,h_dominant_frequency,2538,0.23360246508119922
Bearing3_1,h_mean_frequency,2538,0.6260472184281128
Bearing3_1,h_bpfo_band_power,2538,0.5588446273977384
Bearing3_1,h_bpfi_band_power,2538,0.737030591763257
Bearing3_1,h_bsf_band_power,2538,-0.6489044010144813
Bearing3_1,h_ftf_band_power,2538,-0.13024321321209442
Bearing3_1,v_spectral_centroid,2538,0.9263720795896757
Bearing3_1,v_spectral_bandwidth,2538,0.861204620220208
Bearing3_1,v_spectral_rolloff,2538,0.9159836733519695
Bearing3_1,v_spectral_flatness,2538,-0.629331807468357
Bearing3_1,v_band_power_0_1k,2538,0.5393013345218721
Bearing3_1,v_band_power_1_3k,2538,-0.3375497571110328
Bearing3_1,v_band_power_3_6k,2538,-0.5475424603560656
Bearing3_1,v_band_power_6_12k,2538,0.593840410608053
Bearing3_1,v_dominant_frequency,2538,0.3908153545345328
Bearing3_1,v_mean_frequency,2538,0.5314458175794665
Bearing3_1,v_bpfo_band_power,2538,-0.14734262906185835
Bearing3_1,v_bpfi_band_power,2538,0.6273511345933023
Bearing3_1,v_bsf_band_power,2538,0.8996460796069695
Bearing3_1,v_ftf_band_power,2538,-0.06242849923306669
Bearing3_2,h_mean,2496,0.054443561038468924
Bearing3_2,h_std,2496,0.8645331998212872
Bearing3_2,h_variance,2496,0.8645331998212872
Bearing3_2,h_rms,2496,0.8646592343678147
Bearing3_2,h_peak,2496,0.46313615805750963
Bearing3_2,h_peak_to_peak,2496,0.5135732374755003
Bearing3_2,h_crest_factor,2496,-0.603934074211082
Bearing3_2,h_shape_factor,2496,-0.7361773461255254
Bearing3_2,h_impulse_factor,2496,-0.6152999994320302
Bearing3_2,h_clearance_factor,2496,-0.6204831593774414
Bearing3_2,h_kurtosis,2496,-0.7228833371434653
Bearing3_2,h_skewness,2496,0.11376313592651556
Bearing3_2,h_line_integral,2496,0.8935932329524582
Bearing3_2,h_zero_crossing_rate,2496,0.7742945019696281
Bearing3_2,h_entropy,2496,0.6298396033136018
Bearing3_2,h_percentile_5,2496,-0.8626067082994211
Bearing3_2,h_percentile_50,2496,0.043044010738699075
Bearing3_2,h_percentile_95,2496,0.8698242537799054
Bearing3_2,v_mean,2496,0.012753371336484269
Bearing3_2,v_std,2496,0.6720209958748711
Bearing3_2,v_variance,2496,0.6720209958748711
Bearing3_2,v_rms,2496,0.6722408234107845
Bearing3_2,v_peak,2496,0.2510399206380474
Bearing3_2,v_peak_to_peak,2496,0.282024388324124
Bearing3_2,v_crest_factor,2496,-0.6928237446261333
Bearing3_2,v_shape_factor,2496,-0.9350469004844458
Bearing3_2,v_impulse_factor,2496,-0.7630782249949664
Bearing3_2,v_clearance_factor,2496,-0.786114713484762
Bearing3_2,v_kurtosis,2496,-0.9253084123331227
Bearing3_2,v_skewness,2496,0.8886431376044965
Bearing3_2,v_line_integral,2496,0.8602935677892862
Bearing3_2,v_zero_crossing_rate,2496,0.8383877443609642
Bearing3_2,v_entropy,2496,0.7652484137123019
Bearing3_2,v_percentile_5,2496,-0.6775313226250324
Bearing3_2,v_percentile_50,2496,-0.4135946131125611
Bearing3_2,v_percentile_95,2496,0.7233790772155272
Bearing3_2,cross_correlation,2496,-0.9211884444777545
Bearing3_2,h_spectral_centroid,2496,0.5631242679141301
Bearing3_2,h_spectral_bandwidth,2496,-0.8258094601859712
Bearing3_2,h_spectral_rolloff,2496,-0.08032179726351789
Bearing3_2,h_spectral_flatness,2496,-0.20508343240666882
Bearing3_2,h_band_power_0_1k,2496,0.5019994156391401
Bearing3_2,h_band_power_1_3k,2496,0.15501846936533492
Bearing3_2,h_band_power_3_6k,2496,0.8493981024588453
Bearing3_2,h_band_power_6_12k,2496,0.8852867004456528
Bearing3_2,h_dominant_frequency,2496,0.04877914727220109
Bearing3_2,h_mean_frequency,2496,0.7800144752051497
Bearing3_2,h_bpfo_band_power,2496,0.7415999770095628
Bearing3_2,h_bpfi_band_power,2496,0.08563579440079137
Bearing3_2,h_bsf_band_power,2496,-0.5171698716122366
Bearing3_2,h_ftf_band_power,2496,0.23659416041040526
Bearing3_2,v_spectral_centroid,2496,0.8094343840071287
Bearing3_2,v_spectral_bandwidth,2496,-0.4845025578730945
Bearing3_2,v_spectral_rolloff,2496,0.5429999428096768
Bearing3_2,v_spectral_flatness,2496,0.7782509658016138
Bearing3_2,v_band_power_0_1k,2496,0.4226075275223132
Bearing3_2,v_band_power_1_3k,2496,-0.28528159411765835
Bearing3_2,v_band_power_3_6k,2496,0.819253199415065
Bearing3_2,v_band_power_6_12k,2496,0.8576835111027947
Bearing3_2,v_dominant_frequency,2496,0.22806429558607935
Bearing3_2,v_mean_frequency,2496,0.8539260570369044
Bearing3_2,v_bpfo_band_power,2496,0.39793751206470795
Bearing3_2,v_bpfi_band_power,2496,-0.29817578303768755
Bearing3_2,v_bsf_band_power,2496,0.3760681678813097
Bearing3_2,v_ftf_band_power,2496,0.33438333800776754
Bearing3_3,h_mean,371,0.10932562855873873
Bearing3_3,h_std,371,-0.510929014398278
Bearing3_3,h_variance,371,-0.510929014398278
Bearing3_3,h_rms,371,-0.5107774412095776
Bearing3_3,h_peak,371,-0.35089733677682555
Bearing3_3,h_peak_to_peak,371,-0.3915450590398174
Bearing3_3,h_crest_factor,371,0.18638637768278668
Bearing3_3,h_shape_factor,371,0.20679274777388912
Bearing3_3,h_impulse_factor,371,0.18970900297741441
Bearing3_3,h_clearance_factor,371,0.19042221945447754
Bearing3_3,h_kurtosis,371,0.17226304645659485
Bearing3_3,h_skewness,371,0.07779300037364555
Bearing3_3,h_line_integral,371,-0.5385475293570242
Bearing3_3,h_zero_crossing_rate,371,-0.7738608141893937
Bearing3_3,h_entropy,371,-0.1814801063127296
Bearing3_3,h_percentile_5,371,0.5015773306185682
Bearing3_3,h_percentile_50,371,0.04700393367929449
Bearing3_3,h_percentile_95,371,-0.5055590935688319
Bearing3_3,v_mean,371,-0.034252015688412525
Bearing3_3,v_std,371,-0.5134002448670738
Bearing3_3,v_variance,371,-0.5134002448670738
Bearing3_3,v_rms,371,-0.5109205544993738
Bearing3_3,v_peak,371,-0.3500498399698411
Bearing3_3,v_peak_to_peak,371,-0.40542491017232346
Bearing3_3,v_crest_factor,371,0.17330502400496317
Bearing3_3,v_shape_factor,371,0.08775348415689932
Bearing3_3,v_impulse_factor,371,0.17968778273099636
Bearing3_3,v_clearance_factor,371,0.1798945802597659
Bearing3_3,v_kurtosis,371,0.06680100672796961
Bearing3_3,v_skewness,371,0.27474931674566494
Bearing3_3,v_line_integral,371,-0.5339869388560807
Bearing3_3,v_zero_crossing_rate,371,-0.9070581052674526
Bearing3_3,v_entropy,371,-0.1573628145143666
Bearing3_3,v_percentile_5,371,0.4429687665232401
Bearing3_3,v_percentile_50,371,0.0025438447505061147
Bearing3_3,v_percentile_95,371,-0.4544749340245385
Bearing3_3,cross_correlation,371,0.6488427563290619
Bearing3_3,h_spectral_centroid,371,-0.7984560684499821
Bearing3_3,h_spectral_bandwidth,371,0.5828017305193204
Bearing3_3,h_spectral_rolloff,371,0.39105974781928377
Bearing3_3,h_spectral_flatness,371,0.37959660382058436
Bearing3_3,h_band_power_0_1k,371,-0.3513678011547762
Bearing3_3,h_band_power_1_3k,371,-0.09911288560101708
Bearing3_3,h_band_power_3_6k,371,-0.5220949059658737
Bearing3_3,h_band_power_6_12k,371,-0.5326866993939423
Bearing3_3,h_dominant_frequency,371,-0.06361771911981293
Bearing3_3,h_mean_frequency,371,-0.7985446623912845
Bearing3_3,h_bpfo_band_power,371,-0.04581411252135537
Bearing3_3,h_bpfi_band_power,371,0.46979675092882645
Bearing3_3,h_bsf_band_power,371,0.13853648448901035
Bearing3_3,h_ftf_band_power,371,-0.23605890909603633
Bearing3_3,v_spectral_centroid,371,-0.7961018665826944
Bearing3_3,v_spectral_bandwidth,371,0.9416907896193996
Bearing3_3,v_spectral_rolloff,371,-0.4627636247616575
Bearing3_3,v_spectral_flatness,371,-0.1552609996310544
Bearing3_3,v_band_power_0_1k,371,0.011918587572878505
Bearing3_3,v_band_power_1_3k,371,-0.22382495529178426
Bearing3_3,v_band_power_3_6k,371,-0.524486472386655
Bearing3_3,v_band_power_6_12k,371,-0.5297381896286341
Bearing3_3,v_dominant_frequency,371,-0.21565922983848237
Bearing3_3,v_mean_frequency,371,-0.9109647339714291
Bearing3_3,v_bpfo_band_power,371,-0.09906189121040004
Bearing3_3,v_bpfi_band_power,371,0.05621626321565458
Bearing3_3,v_bsf_band_power,371,0.48607359642052284
Bearing3_3,v_ftf_band_power,371,-0.030237558661174
