bearing_id,feature,time_block,steps,within_block_spearman,mean_early_scaled_value,median_early_scaled_value
Bearing3_1,h_rms,0,508,0.3995920424851394,-0.5830801129341125,-0.8040437698364258
Bearing3_1,h_rms,1,507,-0.6332345267773072,-0.6290239691734314,-0.7853257060050964
Bearing3_1,h_rms,2,508,-0.008968328279479824,-0.8285883069038391,-0.9385074377059937
Bearing3_1,h_rms,3,507,0.5518309015662398,-0.7159774303436279,-0.8415085077285767
Bearing3_1,h_rms,4,508,0.8289325432070379,1.8454006910324097,0.8674442768096924
Bearing3_1,h_kurtosis,0,508,-0.13921467812245444,-0.8165415525436401,-0.9166089296340942
Bearing3_1,h_kurtosis,1,507,0.15304543769505718,-0.6197687387466431,-0.7422165870666504
Bearing3_1,h_kurtosis,2,508,-0.031431987812534694,-0.7098587155342102,-0.777307391166687
Bearing3_1,h_kurtosis,3,507,0.04188631267081746,-0.6848451495170593,-0.7858055830001831
Bearing3_1,h_kurtosis,4,508,-0.07244413033367515,-0.5107504725456238,-0.8049381971359253
Bearing3_1,v_rms,0,508,0.2982755515173953,-0.3950348496437073,-0.5515197515487671
Bearing3_1,v_rms,1,507,-0.45170648486162146,-0.19333411753177643,-0.28769955039024353
Bearing3_1,v_rms,2,508,-0.4042617500377815,-0.429616242647171,-0.6134843826293945
Bearing3_1,v_rms,3,507,0.5553979373272029,-0.41234683990478516,-0.6089043021202087
Bearing3_1,v_rms,4,508,0.7932740831659697,2.014549732208252,1.199629783630371
Bearing3_1,v_kurtosis,0,508,0.1372142510156145,0.08738147467374802,0.13870075345039368
Bearing3_1,v_kurtosis,1,507,0.0920297804531339,0.34566745162010193,0.44097018241882324
Bearing3_1,v_kurtosis,2,508,-0.03950390432953242,0.26680880784988403,0.3413047194480896
Bearing3_1,v_kurtosis,3,507,0.04754675709038019,0.406429260969162,0.5453751683235168
Bearing3_1,v_kurtosis,4,508,-0.4108336666005472,0.10943049192428589,0.5209662914276123
Bearing3_1,h_bpfo_band_power,0,508,0.07006565966724662,-1.0586556196212769,-1.2021145820617676
Bearing3_1,h_bpfo_band_power,1,507,-0.22245655221717162,-1.6733222007751465,-1.7367850542068481
Bearing3_1,h_bpfo_band_power,2,508,0.5433668596031349,-0.33554497361183167,-0.5655727386474609
Bearing3_1,h_bpfo_band_power,3,507,0.5304963648260201,1.2266119718551636,1.3806384801864624
Bearing3_1,h_bpfo_band_power,4,508,-0.06390547190134034,1.288072109222412,1.870192050933838
Bearing3_1,h_bpfi_band_power,0,508,0.11239793395990928,0.43771612644195557,0.49935394525527954
Bearing3_1,h_bpfi_band_power,1,507,0.26239659795080755,0.8962946534156799,0.9948137402534485
Bearing3_1,h_bpfi_band_power,2,508,0.22199184652493295,1.2202330827713013,1.2487571239471436
Bearing3_1,h_bpfi_band_power,3,507,0.4689895599357587,1.6580238342285156,1.6691027879714966
Bearing3_1,h_bpfi_band_power,4,508,0.1902663943898702,1.8374580144882202,1.795395851135254
Bearing3_1,v_bpfo_band_power,0,508,0.06805809275468075,-0.7300612330436707,-0.8027420043945312
Bearing3_1,v_bpfo_band_power,1,507,-0.15529869493211867,-1.1463185548782349,-1.1664042472839355
Bearing3_1,v_bpfo_band_power,2,508,0.031978366022506685,-1.269922137260437,-1.2850713729858398
Bearing3_1,v_bpfo_band_power,3,507,0.3581536310580632,-1.2767969369888306,-1.2791815996170044
Bearing3_1,v_bpfo_band_power,4,508,0.4517107935646917,0.11422194540500641,-0.9953070878982544
Bearing3_1,v_bpfi_band_power,0,508,0.05437035289039016,0.9943861961364746,1.0636601448059082
Bearing3_1,v_bpfi_band_power,1,507,0.5782692671403071,1.8321521282196045,1.9442033767700195
Bearing3_1,v_bpfi_band_power,2,508,-0.0465699320629178,1.80255925655365,1.8475894927978516
Bearing3_1,v_bpfi_band_power,3,507,0.026847747359690057,2.0491890907287598,2.0294721126556396
Bearing3_1,v_bpfi_band_power,4,508,0.6754762410607116,2.45084810256958,2.283290386199951
Bearing3_2,h_rms,0,499,-0.024916918173696786,0.4212587773799896,0.4411740303039551
Bearing3_2,h_rms,1,499,0.04128063355626916,0.25819626450538635,0.313770055770874
Bearing3_2,h_rms,2,499,0.5827043967452977,1.1201990842819214,1.1777502298355103
Bearing3_2,h_rms,3,499,0.7891426225945867,1.8107471466064453,1.8555394411087036
Bearing3_2,h_rms,4,500,0.5259063276253105,2.6203713417053223,2.497549295425415
Bearing3_2,h_kurtosis,0,499,-0.11807798729990099,-0.2802064120769501,-0.462959349155426
Bearing3_2,h_kurtosis,1,499,-0.34940753796750124,-0.32149291038513184,-0.5126242637634277
Bearing3_2,h_kurtosis,2,499,-0.5090236376367191,-1.230828881263733,-1.2674860954284668
Bearing3_2,h_kurtosis,3,499,-0.22688190839510342,-1.3217685222625732,-1.329679012298584
Bearing3_2,h_kurtosis,4,500,0.07738869355477422,-1.1474928855895996,-1.3232322931289673
Bearing3_2,v_rms,0,499,-0.5379511794673684,-0.4894684851169586,-0.7603046298027039
Bearing3_2,v_rms,1,499,-0.01943231040394041,-0.9269040822982788,-1.0653040409088135
Bearing3_2,v_rms,2,499,0.4609611512180988,-0.7391793131828308,-0.9518288373947144
Bearing3_2,v_rms,3,499,0.7923786850810053,0.932344377040863,1.119670033454895
Bearing3_2,v_rms,4,500,0.277499573998296,2.199639081954956,2.277547836303711
Bearing3_2,v_kurtosis,0,499,-0.49738001303812446,-0.9614872932434082,-1.1640942096710205
Bearing3_2,v_kurtosis,1,499,-0.004607286862882391,-1.2738711833953857,-1.371297836303711
Bearing3_2,v_kurtosis,2,499,-0.6784513605524302,-2.00805401802063,-2.0719101428985596
Bearing3_2,v_kurtosis,3,499,-0.7429033488664074,-2.336597442626953,-2.3608460426330566
Bearing3_2,v_kurtosis,4,500,-0.23384032736130944,-2.430112838745117,-2.450702428817749
Bearing3_2,h_bpfo_band_power,0,499,0.3536294758191081,0.6671684384346008,1.333895206451416
Bearing3_2,h_bpfo_band_power,1,499,0.7011984450829368,1.6427034139633179,1.727485179901123
Bearing3_2,h_bpfo_band_power,2,499,-0.7071777289518795,2.4397788047790527,2.4254775047302246
Bearing3_2,h_bpfo_band_power,3,499,-0.11044305478426732,2.6743204593658447,2.6722025871276855
Bearing3_2,h_bpfo_band_power,4,500,0.25666067464269854,2.6846585273742676,2.6413888931274414
Bearing3_2,h_bpfi_band_power,0,499,0.31940372310886833,0.8630750179290771,0.957521915435791
Bearing3_2,h_bpfi_band_power,1,499,-0.017193229833160295,1.0321391820907593,1.061989665031433
Bearing3_2,h_bpfi_band_power,2,499,-0.05156346427795348,0.7638422250747681,0.8935368061065674
Bearing3_2,h_bpfi_band_power,3,499,0.23109679600164185,0.7126070857048035,0.8955355882644653
Bearing3_2,h_bpfi_band_power,4,500,0.24034204936819742,1.0637496709823608,1.2212066650390625
Bearing3_2,v_bpfo_band_power,0,499,0.33019204674409053,-1.4896670579910278,-1.5188313722610474
Bearing3_2,v_bpfo_band_power,1,499,0.7666079814232799,0.5828894376754761,0.5334910154342651
Bearing3_2,v_bpfo_band_power,2,499,-0.1865171834395824,3.2236557006835938,3.243865489959717
Bearing3_2,v_bpfo_band_power,3,499,-0.4355646232223483,2.6491596698760986,2.6512904167175293
Bearing3_2,v_bpfo_band_power,4,500,-0.7180160560642243,1.2609515190124512,2.2677736282348633
Bearing3_2,v_bpfi_band_power,0,499,0.31761180191708716,1.6637251377105713,1.7614593505859375
Bearing3_2,v_bpfi_band_power,1,499,-0.3368355989086607,1.821649432182312,1.88914155960083
Bearing3_2,v_bpfi_band_power,2,499,0.14614066687592048,1.1803452968597412,1.209791898727417
Bearing3_2,v_bpfi_band_power,3,499,0.17352304609218436,1.3542964458465576,1.3644754886627197
Bearing3_2,v_bpfi_band_power,4,500,-0.024237600950403802,1.3322950601577759,1.4063626527786255
Bearing3_3,h_rms,0,74,-0.30582747130692334,0.3198622763156891,0.4124763011932373
Bearing3_3,h_rms,1,74,-0.7856201406886336,-0.39657193422317505,-0.39199045300483704
Bearing3_3,h_rms,2,74,-0.766338393187708,-1.0142343044281006,-1.0389704704284668
Bearing3_3,h_rms,3,74,-0.7830729359496481,-1.2193057537078857,-1.2304208278656006
Bearing3_3,h_rms,4,75,0.7204836415362731,0.9376671314239502,-1.3502388000488281
Bearing3_3,h_kurtosis,0,74,-0.24691595705294328,-0.20293593406677246,-0.3605511784553528
Bearing3_3,h_kurtosis,1,74,-0.0091965938541281,-0.6077404022216797,-0.7821109294891357
Bearing3_3,h_kurtosis,2,74,-0.027915586819696404,-0.4027739465236664,-0.48415347933769226
Bearing3_3,h_kurtosis,3,74,-0.2557126990003702,-0.48033857345581055,-0.6541764140129089
Bearing3_3,h_kurtosis,4,75,0.7263726884779516,1.2350950241088867,0.6273516416549683
Bearing3_3,v_rms,0,74,-0.314387263976305,0.2839083671569824,0.3358469009399414
Bearing3_3,v_rms,1,74,-0.7908034061458717,-0.45551273226737976,-0.45556241273880005
Bearing3_3,v_rms,2,74,-0.7759644576082931,-1.048985481262207,-1.0608770847320557
Bearing3_3,v_rms,3,74,-0.6565124028137725,-1.2674704790115356,-1.287728190422058
Bearing3_3,v_rms,4,75,0.7127453769559032,0.9322158694267273,-1.388928771018982
Bearing3_3,v_kurtosis,0,74,-0.6297371343946686,-0.6520121097564697,-0.8374367356300354
Bearing3_3,v_kurtosis,1,74,-0.04690114772306552,-0.93670254945755,-0.9908792972564697
Bearing3_3,v_kurtosis,2,74,-0.21729729729729724,-0.9005168080329895,-0.9331722259521484
Bearing3_3,v_kurtosis,3,74,-0.3379340984820436,-0.9089426398277283,-0.9553146362304688
Bearing3_3,v_kurtosis,4,75,0.6732005689900427,0.9108185768127441,-0.7708479762077332
Bearing3_3,h_bpfo_band_power,0,74,-0.9369418733802294,-1.068284273147583,-1.3045334815979004
Bearing3_3,h_bpfo_band_power,1,74,-0.7775342465753423,-1.9059895277023315,-1.940568208694458
Bearing3_3,h_bpfo_band_power,2,74,-0.3195112921140318,-2.0204570293426514,-2.0063908100128174
Bearing3_3,h_bpfo_band_power,3,74,0.8405331358756015,-1.8700824975967407,-1.8813436031341553
Bearing3_3,h_bpfo_band_power,4,75,0.814054054054054,-0.8328949213027954,-1.5382124185562134
Bearing3_3,h_bpfi_band_power,0,74,0.23731951129211398,0.5384014844894409,0.6140223741531372
Bearing3_3,h_bpfi_band_power,1,74,0.08481303221029247,0.5179835557937622,0.6006127595901489
Bearing3_3,h_bpfi_band_power,2,74,-0.1674787115883006,0.9360100030899048,0.9163129329681396
Bearing3_3,h_bpfi_band_power,3,74,-0.24596815994076263,0.8489074110984802,0.8175406455993652
Bearing3_3,h_bpfi_band_power,4,75,0.823157894736842,2.679102897644043,1.220731258392334
Bearing3_3,v_bpfo_band_power,0,74,-0.39512773047019617,-0.13822241127490997,-0.2248680293560028
Bearing3_3,v_bpfo_band_power,1,74,0.20222139948167345,-0.21205464005470276,-0.32193613052368164
Bearing3_3,v_bpfo_band_power,2,74,-0.5622065901517955,-0.9920667409896851,-1.02971613407135
Bearing3_3,v_bpfo_band_power,3,74,-0.03508330248056275,-0.9274166226387024,-0.9352053999900818
Bearing3_3,v_bpfo_band_power,4,75,0.9346799431009958,1.1498606204986572,0.004790221340954304
Bearing3_3,v_bpfi_band_power,0,74,-0.16546464272491668,-0.48900923132896423,-0.7011876702308655
Bearing3_3,v_bpfi_band_power,1,74,0.02421325435024065,0.11420087516307831,0.11719062179327011
Bearing3_3,v_bpfi_band_power,2,74,-0.1712699000370233,-0.06144137680530548,-0.15507805347442627
Bearing3_3,v_bpfi_band_power,3,74,0.08152536097741576,-0.5979203581809998,-0.7166106104850769
Bearing3_3,v_bpfi_band_power,4,75,0.705348506401138,1.951969861984253,-0.3196418583393097
