bearing_id,split,step_id,normalized_lifetime,distance_level,hmm_expected_stage,hmm_stage,hmm_confidence,included_in_common_score,hmm_probability_0,hmm_probability_1,hmm_probability_2
Bearing1_1,train,0,0.0,,0.0,0,1.0,False,1.0,0.0,0.0
Bearing1_1,train,1,0.00819672131147541,,1.0332733304379917e-15,0,0.9999999999999982,False,0.9999999999999982,2.0665466608759833e-15,0.0
Bearing1_1,train,2,0.01639344262295082,,1.6768453966304256e-14,0,0.9999999999999662,False,0.9999999999999662,3.353690793260851e-14,0.0
Bearing1_1,train,3,0.02459016393442623,,5.616130575752013e-13,0,0.9999999999988765,False,0.9999999999988765,1.1232261151504026e-12,0.0
Bearing1_1,train,4,0.03278688524590164,,1.5215544270494861e-05,0,0.9999695689114594,False,0.9999695689114594,3.0431088540989723e-05,0.0
Bearing1_1,train,5,0.040983606557377046,,0.49948328003659404,1,0.9989665600731881,False,0.00103343992681123,0.9989665600731881,0.0
Bearing1_1,train,6,0.04918032786885246,,0.5,1,1.0,False,6.70449033530461e-17,1.0,0.0
Bearing1_1,train,7,0.05737704918032787,,0.5,1,1.0,False,1.7868809903771658e-28,1.0,0.0
Bearing1_1,train,8,0.06557377049180328,,0.5,1,1.0,False,2.4393342853857678e-42,1.0,0.0
Bearing1_1,train,9,0.07377049180327869,,0.5,1,1.0,False,1.8402889036036867e-74,1.0,0.0
Bearing1_1,train,10,0.08196721311475409,,0.5,1,1.0,False,2.1562163039842847e-112,1.0,0.0
Bearing1_1,train,11,0.09016393442622951,,0.5,1,1.0,False,5.8490823857793456e-176,1.0,0.0
Bearing1_1,train,12,0.09836065573770492,,0.5,1,1.0,False,6.321321639637536e-239,1.0,0.0
Bearing1_1,train,13,0.10655737704918032,,0.5,1,1.0,False,1.620777382e-313,1.0,0.0
Bearing1_1,train,14,0.11475409836065574,,0.5,1,1.0,False,0.0,1.0,0.0
Bearing1_1,train,15,0.12295081967213115,1.5807108879089355,0.5,1,1.0,True,0.0,1.0,0.0
Bearing1_1,train,16,0.13114754098360656,1.6577584743499756,0.5,1,1.0,True,0.0,1.0,0.0
Bearing1_1,train,17,0.13934426229508196,1.7724541425704956,0.5,1,1.0,True,0.0,1.0,0.0
Bearing1_1,train,18,0.14754098360655737,1.791355013847351,0.5,1,1.0,True,0.0,1.0,0.0
Bearing1_1,train,19,0.1557377049180328,1.8241615295410156,0.5,1,1.0,True,0.0,1.0,0.0
Bearing1_1,train,20,0.16393442622950818,1.8423190116882324,0.5,1,1.0,True,0.0,1.0,0.0
Bearing1_1,train,21,0.1721311475409836,1.9324582815170288,0.5,1,1.0,True,0.0,1.0,0.0
Bearing1_1,train,22,0.18032786885245902,1.904271125793457,0.5,1,1.0,True,0.0,1.0,0.0
Bearing1_1,train,23,0.1885245901639344,1.955491542816162,0.5,1,1.0,True,0.0,1.0,0.0
Bearing1_1,train,24,0.19672131147540983,2.016653537750244,0.5,1,1.0,True,0.0,1.0,0.0
Bearing1_1,train,25,0.20491803278688525,2.0861611366271973,0.5,1,1.0,True,0.0,1.0,0.0
Bearing1_1,train,26,0.21311475409836064,2.1498563289642334,0.5,1,1.0,True,0.0,1.0,0.0
Bearing1_1,train,27,0.22131147540983606,2.2521233558654785,0.5,1,1.0,True,0.0,1.0,0.0
Bearing1_1,train,28,0.22950819672131148,2.3072562217712402,0.5,1,1.0,True,0.0,1.0,0.0
Bearing1_1,train,29,0.23770491803278687,2.38350248336792,0.5,1,1.0,True,0.0,1.0,0.0
Bearing1_1,train,30,0.2459016393442623,2.4891350269317627,0.5,1,1.0,True,0.0,1.0,0.0
Bearing1_1,train,31,0.2540983606557377,2.5230562686920166,0.5,1,1.0,True,0.0,1.0,0.0
Bearing1_1,train,32,0.26229508196721313,2.598602533340454,0.5,1,1.0,True,0.0,1.0,0.0
Bearing1_1,train,33,0.27049180327868855,2.630685806274414,0.5,1,1.0,True,0.0,1.0,0.0
Bearing1_1,train,34,0.2786885245901639,2.710963010787964,0.5,1,1.0,True,0.0,1.0,0.0
Bearing1_1,train,35,0.28688524590163933,2.825164794921875,0.5,1,1.0,True,0.0,1.0,0.0
Bearing1_1,train,36,0.29508196721311475,2.8423752784729004,0.5,1,1.0,True,0.0,1.0,0.0
Bearing1_1,train,37,0.30327868852459017,2.8731236457824707,0.5,1,1.0,True,0.0,1.0,0.0
Bearing1_1,train,38,0.3114754098360656,2.910956621170044,0.5,1,1.0,True,0.0,1.0,0.0
Bearing1_1,train,39,0.319672131147541,2.9132370948791504,0.5,1,1.0,True,0.0,1.0,0.0
Bearing1_1,train,40,0.32786885245901637,2.988157033920288,0.5,1,1.0,True,0.0,1.0,0.0
Bearing1_1,train,41,0.3360655737704918,2.992945909500122,0.5,1,1.0,True,0.0,1.0,0.0
Bearing1_1,train,42,0.3442622950819672,3.006256341934204,0.5,1,1.0,True,0.0,1.0,0.0
Bearing1_1,train,43,0.3524590163934426,2.9723997116088867,0.5,1,1.0,True,0.0,1.0,0.0
Bearing1_1,train,44,0.36065573770491804,2.983635663986206,0.5,1,1.0,True,0.0,1.0,0.0
Bearing1_1,train,45,0.36885245901639346,2.9101014137268066,0.5,1,1.0,True,0.0,1.0,0.0
Bearing1_1,train,46,0.3770491803278688,3.008561849594116,0.5,1,1.0,True,0.0,1.0,0.0
Bearing1_1,train,47,0.38524590163934425,2.98543119430542,0.5,1,1.0,True,0.0,1.0,0.0
Bearing1_1,train,48,0.39344262295081966,2.957216739654541,0.5,1,1.0,True,0.0,1.0,0.0
Bearing1_1,train,49,0.4016393442622951,2.942250967025757,0.5,1,1.0,True,0.0,1.0,0.0
Bearing1_1,train,50,0.4098360655737705,2.8719143867492676,0.5,1,1.0,True,0.0,1.0,0.0
Bearing1_1,train,51,0.4180327868852459,2.8390073776245117,0.5,1,1.0,True,0.0,1.0,0.0
Bearing1_1,train,52,0.4262295081967213,2.8607239723205566,0.5,1,1.0,True,0.0,1.0,0.0
Bearing1_1,train,53,0.4344262295081967,2.918579578399658,0.5,1,1.0,True,0.0,1.0,0.0
Bearing1_1,train,54,0.4426229508196721,2.838043689727783,0.5,1,1.0,True,0.0,1.0,0.0
Bearing1_1,train,55,0.45081967213114754,2.8651576042175293,0.5,1,1.0,True,0.0,1.0,0.0
Bearing1_1,train,56,0.45901639344262296,2.830383777618408,0.5,1,1.0,True,0.0,1.0,0.0
Bearing1_1,train,57,0.4672131147540984,2.791140556335449,0.5,1,1.0,True,0.0,1.0,0.0
Bearing1_1,train,58,0.47540983606557374,2.8315210342407227,0.5,1,1.0,True,0.0,1.0,0.0
Bearing1_1,train,59,0.48360655737704916,2.8610920906066895,0.5,1,1.0,True,0.0,1.0,0.0
Bearing1_1,train,60,0.4918032786885246,2.8378734588623047,0.5,1,1.0,True,0.0,1.0,0.0
Bearing1_1,train,61,0.5,2.890111207962036,0.5,1,1.0,True,0.0,1.0,0.0
Bearing1_1,train,62,0.5081967213114754,2.860776662826538,0.5,1,1.0,True,0.0,1.0,0.0
Bearing1_1,train,63,0.5163934426229508,2.822263240814209,0.5,1,1.0,True,0.0,1.0,0.0
Bearing1_1,train,64,0.5245901639344263,2.8921995162963867,0.5,1,1.0,True,0.0,1.0,0.0
Bearing1_1,train,65,0.5327868852459017,2.905261993408203,0.5,1,1.0,True,0.0,1.0,0.0
Bearing1_1,train,66,0.5409836065573771,2.9361257553100586,0.5,1,1.0,True,0.0,1.0,0.0
Bearing1_1,train,67,0.5491803278688525,2.9966444969177246,0.5,1,1.0,True,0.0,1.0,0.0
Bearing1_1,train,68,0.5573770491803278,3.0515329837799072,0.5,1,1.0,True,0.0,1.0,0.0
Bearing1_1,train,69,0.5655737704918032,3.1310858726501465,0.5,1,1.0,True,0.0,1.0,0.0
Bearing1_1,train,70,0.5737704918032787,3.2682323455810547,0.5,1,1.0,True,0.0,1.0,0.0
Bearing1_1,train,71,0.5819672131147541,3.4203429222106934,0.5,1,1.0,True,0.0,1.0,0.0
Bearing1_1,train,72,0.5901639344262295,3.6565468311309814,0.5,1,1.0,True,0.0,1.0,0.0
Bearing1_1,train,73,0.5983606557377049,3.9176220893859863,0.5,1,1.0,True,0.0,1.0,0.0
Bearing1_1,train,74,0.6065573770491803,4.141284465789795,0.5,1,1.0,True,0.0,1.0,0.0
Bearing1_1,train,75,0.6147540983606558,4.470841407775879,0.5,1,1.0,True,0.0,1.0,9.115978409435135e-270
Bearing1_1,train,76,0.6229508196721312,4.734234809875488,0.5,1,1.0,True,0.0,1.0,2.5143021e-316
Bearing1_1,train,77,0.6311475409836066,5.116789817810059,0.5,1,1.0,True,0.0,1.0,5.607967137357776e-153
Bearing1_1,train,78,0.639344262295082,5.714841365814209,1.0,2,1.0,True,0.0,6.918927117505681e-22,1.0
Bearing1_1,train,79,0.6475409836065574,6.293141841888428,1.0,2,1.0,True,0.0,1.473792344955031e-45,1.0
Bearing1_1,train,80,0.6557377049180327,6.830620765686035,1.0,2,1.0,True,0.0,1.0425654654200444e-70,1.0
Bearing1_1,train,81,0.6639344262295082,7.326503753662109,1.0,2,1.0,True,0.0,1.2195117366896874e-95,1.0
Bearing1_1,train,82,0.6721311475409836,7.793318271636963,1.0,2,1.0,True,0.0,8.248619012382469e-121,1.0
Bearing1_1,train,83,0.680327868852459,8.245183944702148,1.0,2,1.0,True,0.0,1.1852545271211338e-147,1.0
Bearing1_1,train,84,0.6885245901639344,8.652021408081055,1.0,2,1.0,True,0.0,1.281080522744979e-174,1.0
Bearing1_1,train,85,0.6967213114754098,8.983538627624512,1.0,2,1.0,True,0.0,1.089875718949042e-201,1.0
Bearing1_1,train,86,0.7049180327868853,9.340927124023438,1.0,2,1.0,True,0.0,8.451626178842824e-229,1.0
Bearing1_1,train,87,0.7131147540983607,9.600300788879395,1.0,2,1.0,True,0.0,2.856408882632302e-256,1.0
Bearing1_1,train,88,0.7213114754098361,9.630768775939941,1.0,2,1.0,True,0.0,9.95234147192308e-284,1.0
Bearing1_1,train,89,0.7295081967213115,9.660893440246582,1.0,2,1.0,True,0.0,1.727532234881e-311,1.0
Bearing1_1,train,90,0.7377049180327869,9.684713363647461,1.0,2,1.0,True,0.0,0.0,1.0
Bearing1_1,train,91,0.7459016393442623,9.707818984985352,1.0,2,1.0,True,0.0,0.0,1.0
Bearing1_1,train,92,0.7540983606557377,9.734452247619629,1.0,2,1.0,True,0.0,0.0,1.0
Bearing1_1,train,93,0.7622950819672131,9.750935554504395,1.0,2,1.0,True,0.0,0.0,1.0
Bearing1_1,train,94,0.7704918032786885,9.766923904418945,1.0,2,1.0,True,0.0,0.0,1.0
Bearing1_1,train,95,0.7786885245901639,9.78254508972168,1.0,2,1.0,True,0.0,0.0,1.0
Bearing1_1,train,96,0.7868852459016393,9.799245834350586,1.0,2,1.0,True,0.0,0.0,1.0
Bearing1_1,train,97,0.7950819672131147,9.816034317016602,1.0,2,1.0,True,0.0,0.0,1.0
Bearing1_1,train,98,0.8032786885245902,9.830093383789062,1.0,2,1.0,True,0.0,0.0,1.0
Bearing1_1,train,99,0.8114754098360656,9.842700958251953,1.0,2,1.0,True,0.0,0.0,1.0
Bearing1_1,train,100,0.819672131147541,9.852789878845215,1.0,2,1.0,True,0.0,0.0,1.0
Bearing1_1,train,101,0.8278688524590164,9.866508483886719,1.0,2,1.0,True,0.0,0.0,1.0
Bearing1_1,train,102,0.8360655737704918,9.876221656799316,1.0,2,1.0,True,0.0,0.0,1.0
Bearing1_1,train,103,0.8442622950819673,9.885843276977539,1.0,2,1.0,True,0.0,0.0,1.0
Bearing1_1,train,104,0.8524590163934426,9.894556045532227,1.0,2,1.0,True,0.0,0.0,1.0
Bearing1_1,train,105,0.860655737704918,9.902055740356445,1.0,2,1.0,True,0.0,0.0,1.0
Bearing1_1,train,106,0.8688524590163934,9.906930923461914,1.0,2,1.0,True,0.0,0.0,1.0
Bearing1_1,train,107,0.8770491803278688,9.911271095275879,1.0,2,1.0,True,0.0,0.0,1.0
Bearing1_1,train,108,0.8852459016393442,9.916345596313477,1.0,2,1.0,True,0.0,0.0,1.0
Bearing1_1,train,109,0.8934426229508197,9.922260284423828,1.0,2,1.0,True,0.0,0.0,1.0
Bearing1_1,train,110,0.9016393442622951,9.92956829071045,1.0,2,1.0,True,0.0,0.0,1.0
Bearing1_1,train,111,0.9098360655737705,9.93623161315918,1.0,2,1.0,True,0.0,0.0,1.0
Bearing1_1,train,112,0.9180327868852459,9.942983627319336,1.0,2,1.0,True,0.0,0.0,1.0
Bearing1_1,train,113,0.9262295081967213,9.94914436340332,1.0,2,1.0,True,0.0,0.0,1.0
Bearing1_1,train,114,0.9344262295081968,9.957662582397461,1.0,2,1.0,True,0.0,0.0,1.0
Bearing1_1,train,115,0.9426229508196722,9.966322898864746,1.0,2,1.0,True,0.0,0.0,1.0
Bearing1_1,train,116,0.9508196721311475,9.976485252380371,1.0,2,1.0,True,0.0,0.0,1.0
Bearing1_1,train,117,0.9590163934426229,9.981118202209473,1.0,2,1.0,True,0.0,0.0,1.0
Bearing1_1,train,118,0.9672131147540983,9.990734100341797,1.0,2,1.0,True,0.0,0.0,1.0
Bearing1_1,train,119,0.9754098360655737,9.998408317565918,1.0,2,1.0,True,0.0,0.0,1.0
Bearing1_1,train,120,0.9836065573770492,10.007654190063477,1.0,2,1.0,True,0.0,0.0,1.0
Bearing1_1,train,121,0.9918032786885246,10.021825790405273,1.0,2,1.0,True,0.0,0.0,1.0
Bearing1_1,train,122,1.0,10.055891036987305,1.0,2,1.0,True,0.0,0.0,1.0
Bearing1_2,train,0,0.0,,0.0,0,1.0,False,1.0,0.0,0.0
Bearing1_2,train,1,0.00625,,1.9983695328652957e-17,0,1.0,False,1.0,3.996739065730591e-17,0.0
Bearing1_2,train,2,0.0125,,1.985456764993856e-17,0,1.0,False,1.0,3.970913529987712e-17,0.0
Bearing1_2,train,3,0.01875,,1.1214042232200767e-17,0,1.0,False,1.0,2.2428084464401534e-17,0.0
Bearing1_2,train,4,0.025,,1.3826100250682939e-17,0,1.0,False,1.0,2.7652200501365878e-17,0.0
Bearing1_2,train,5,0.03125,,3.3962141231901945e-17,0,1.0,False,1.0,6.792428246380389e-17,0.0
Bearing1_2,train,6,0.0375,,1.2103761213446763e-17,0,1.0,False,1.0,2.4207522426893526e-17,0.0
Bearing1_2,train,7,0.04375,,2.011888985498669e-17,0,1.0,False,1.0,4.023777970997338e-17,0.0
Bearing1_2,train,8,0.05,,5.69625636118836e-17,0,1.0,False,1.0,1.139251272237672e-16,0.0
Bearing1_2,train,9,0.05625,,1.391253203401212e-17,0,1.0,False,1.0,2.782506406802424e-17,0.0
Bearing1_2,train,10,0.0625,,1.272340482524193e-17,0,1.0,False,1.0,2.544680965048386e-17,0.0
Bearing1_2,train,11,0.06875,,1.2767719605706549e-17,0,1.0,False,1.0,2.5535439211413097e-17,0.0
Bearing1_2,train,12,0.075,,1.1721867572467569e-17,0,1.0,False,1.0,2.3443735144935138e-17,0.0
Bearing1_2,train,13,0.08125,,1.1317368597896272e-17,0,1.0,False,1.0,2.2634737195792544e-17,0.0
Bearing1_2,train,14,0.0875,,1.9969222796799593e-17,0,1.0,False,1.0,3.9938445593599186e-17,0.0
Bearing1_2,train,15,0.09375,0.28526145219802856,3.115806764419984e-17,0,1.0,True,1.0,6.231613528839968e-17,0.0
Bearing1_2,train,16,0.1,0.33863717317581177,8.4528409504157e-17,0,1.0,True,1.0,1.69056819008314e-16,0.0
Bearing1_2,train,17,0.10625,0.3369918167591095,4.893562719911773e-17,0,1.0,True,1.0,9.787125439823546e-17,0.0
Bearing1_2,train,18,0.1125,0.3128265142440796,2.1293966589351735e-17,0,1.0,True,1.0,4.258793317870347e-17,0.0
Bearing1_2,train,19,0.11875,0.30707186460494995,3.1792233955476504e-17,0,1.0,True,1.0,6.358446791095301e-17,0.0
Bearing1_2,train,20,0.125,0.3245510160923004,1.1669025169038255e-16,0,1.0,True,1.0,2.333805033807651e-16,0.0
Bearing1_2,train,21,0.13125,0.37369781732559204,7.78310273318098e-15,0,0.9999999999999849,True,0.9999999999999849,1.556620546636196e-14,0.0
Bearing1_2,train,22,0.1375,0.3691544830799103,4.928471588145427e-17,0,1.0,True,1.0,9.856943176290854e-17,0.0
Bearing1_2,train,23,0.14375,0.34606561064720154,1.3632998564929559e-17,0,1.0,True,1.0,2.7265997129859117e-17,0.0
Bearing1_2,train,24,0.15,0.31720349192619324,1.143983523723875e-17,0,1.0,True,1.0,2.28796704744775e-17,0.0
Bearing1_2,train,25,0.15625,0.3088708519935608,1.6726746889558434e-17,0,1.0,True,1.0,3.345349377911687e-17,0.0
Bearing1_2,train,26,0.1625,0.27766385674476624,1.411537776268825e-17,0,1.0,True,1.0,2.82307555253765e-17,0.0
Bearing1_2,train,27,0.16875,0.25814175605773926,1.3378593362908767e-17,0,1.0,True,1.0,2.6757186725817535e-17,0.0
Bearing1_2,train,28,0.175,0.2535565495491028,1.645539895324969e-17,0,1.0,True,1.0,3.291079790649938e-17,0.0
Bearing1_2,train,29,0.18125,0.24510768055915833,1.6488252438182315e-17,0,1.0,True,1.0,3.297650487636463e-17,0.0
Bearing1_2,train,30,0.1875,0.20635986328125,1.106922837995875e-17,0,1.0,True,1.0,2.21384567599175e-17,0.0
Bearing1_2,train,31,0.19375,0.22801204025745392,1.7048985323133264e-12,0,0.9999999999965912,True,0.9999999999965912,3.409797064626653e-12,0.0
Bearing1_2,train,32,0.2,0.2993956506252289,3.4347747161736153e-10,0,0.9999999993130437,True,0.9999999993130437,6.869549432347231e-10,0.0
Bearing1_2,train,33,0.20625,0.3392033874988556,9.12910410069471e-16,0,0.9999999999999982,True,0.9999999999999982,1.825820820138942e-15,0.0
Bearing1_2,train,34,0.2125,0.35770612955093384,2.3095473283533395e-17,0,1.0,True,1.0,4.619094656706679e-17,0.0
Bearing1_2,train,35,0.21875,0.3594352602958679,1.9473073128445982e-17,0,1.0,True,1.0,3.8946146256891964e-17,0.0
Bearing1_2,train,36,0.225,0.3905980587005615,1.8888270766072171e-16,0,1.0,True,1.0,3.7776541532144342e-16,0.0
Bearing1_2,train,37,0.23125,0.48257318139076233,1.504462536019811e-09,0,0.9999999969910749,True,0.9999999969910749,3.008925072039622e-09,0.0
Bearing1_2,train,38,0.2375,0.6446975469589233,0.4999999749392489,1,0.9999999498784978,True,5.012150241734345e-08,0.9999999498784978,0.0
Bearing1_2,train,39,0.24375,0.7947391271591187,0.49999999999996714,1,0.9999999999999343,True,6.502741274086456e-14,0.9999999999999343,0.0
Bearing1_2,train,40,0.25,1.0049968957901,0.5,1,1.0,True,1.4531279258010722e-31,1.0,0.0
Bearing1_2,train,41,0.25625,1.0200814008712769,0.5,1,1.0,True,1.779454616207328e-24,1.0,0.0
Bearing1_2,train,42,0.2625,1.077039361000061,0.5,1,1.0,True,1.2389811162258416e-28,1.0,0.0
Bearing1_2,train,43,0.26875,1.2806894779205322,0.5,1,1.0,True,1.645681441562553e-61,1.0,0.0
Bearing1_2,train,44,0.275,1.4274730682373047,0.5,1,1.0,True,9.043521140872548e-68,1.0,0.0
Bearing1_2,train,45,0.28125,1.8285572528839111,0.5,1,1.0,True,1.2061980254055082e-178,1.0,0.0
Bearing1_2,train,46,0.2875,2.2739763259887695,0.5,1,1.0,True,0.0,1.0,0.0
Bearing1_2,train,47,0.29375,2.6045987606048584,0.5,1,1.0,True,0.0,1.0,0.0
Bearing1_2,train,48,0.3,2.6837680339813232,0.5,1,1.0,True,0.0,1.0,0.0
Bearing1_2,train,49,0.30625,2.902519702911377,0.5,1,1.0,True,0.0,1.0,0.0
Bearing1_2,train,50,0.3125,3.2194037437438965,0.5,1,1.0,True,0.0,1.0,0.0
Bearing1_2,train,51,0.31875,3.6053993701934814,0.5,1,1.0,True,0.0,1.0,0.0
Bearing1_2,train,52,0.325,4.018645286560059,0.5,1,1.0,True,0.0,1.0,0.0
Bearing1_2,train,53,0.33125,4.352823734283447,0.5,1,1.0,True,0.0,1.0,0.0
Bearing1_2,train,54,0.3375,4.726384162902832,0.5,1,1.0,True,0.0,1.0,0.0
Bearing1_2,train,55,0.34375,4.978218078613281,0.5,1,1.0,True,0.0,1.0,0.0
Bearing1_2,train,56,0.35,5.14933967590332,0.5,1,1.0,True,0.0,1.0,0.0
Bearing1_2,train,57,0.35625,5.449763774871826,0.5,1,1.0,True,0.0,1.0,0.0
Bearing1_2,train,58,0.3625,5.974964141845703,0.5,1,1.0,True,0.0,1.0,0.0
Bearing1_2,train,59,0.36875,6.366019248962402,0.5,1,1.0,True,0.0,1.0,0.0
Bearing1_2,train,60,0.375,6.661942958831787,0.5,1,1.0,True,0.0,1.0,2.84224537593e-313
Bearing1_2,train,61,0.38125,6.992440700531006,0.5,1,1.0,True,0.0,1.0,4.4e-323
Bearing1_2,train,62,0.3875,7.457799434661865,0.5,1,1.0,True,0.0,1.0,8.342558837568368e-30
Bearing1_2,train,63,0.39375,7.982438087463379,0.9999999999997736,2,0.999999999999547,True,0.0,4.531795984993518e-13,0.999999999999547
Bearing1_2,train,64,0.4,8.57821273803711,1.0,2,1.0,True,0.0,9.376599158226109e-35,1.0
Bearing1_2,train,65,0.40625,9.006579399108887,1.0,2,1.0,True,0.0,2.801675865881114e-41,1.0
Bearing1_2,train,66,0.4125,9.505128860473633,1.0,2,1.0,True,0.0,2.520593878073055e-66,1.0
Bearing1_2,train,67,0.41875,9.911887168884277,1.0,2,1.0,True,0.0,2.0207365022402168e-89,1.0
Bearing1_2,train,68,0.425,10.25728988647461,1.0,2,1.0,True,0.0,4.733147055092142e-109,1.0
Bearing1_2,train,69,0.43125,10.588205337524414,1.0,2,1.0,True,0.0,2.2630033530081752e-119,1.0
Bearing1_2,train,70,0.4375,10.897322654724121,1.0,2,1.0,True,0.0,2.1579173130705636e-140,1.0
Bearing1_2,train,71,0.44375,11.176082611083984,1.0,2,1.0,True,0.0,2.2767521017048327e-147,1.0
Bearing1_2,train,72,0.45,11.264795303344727,1.0,2,1.0,True,0.0,3.456561659701318e-167,1.0
Bearing1_2,train,73,0.45625,11.276509284973145,1.0,2,1.0,True,0.0,5.553285828660431e-187,1.0
Bearing1_2,train,74,0.4625,11.283068656921387,1.0,2,1.0,True,0.0,5.612977749554906e-211,1.0
Bearing1_2,train,75,0.46875,11.310616493225098,1.0,2,1.0,True,0.0,2.912836264646636e-231,1.0
Bearing1_2,train,76,0.475,11.29084300994873,1.0,2,1.0,True,0.0,1.5981376243186413e-252,1.0
Bearing1_2,train,77,0.48125,11.281370162963867,1.0,2,1.0,True,0.0,1.1092148456695544e-273,1.0
Bearing1_2,train,78,0.4875,11.303449630737305,1.0,2,1.0,True,0.0,7.524370014011512e-299,1.0
Bearing1_2,train,79,0.49375,11.335153579711914,1.0,2,1.0,True,0.0,6.03e-322,1.0
Bearing1_2,train,80,0.5,11.369216918945312,1.0,2,1.0,True,0.0,0.0,1.0
Bearing1_2,train,81,0.50625,11.440157890319824,1.0,2,1.0,True,0.0,0.0,1.0
Bearing1_2,train,82,0.5125,11.462969779968262,1.0,2,1.0,True,0.0,0.0,1.0
Bearing1_2,train,83,0.51875,11.491144180297852,1.0,2,1.0,True,0.0,0.0,1.0
Bearing1_2,train,84,0.525,11.516018867492676,1.0,2,1.0,True,0.0,0.0,1.0
Bearing1_2,train,85,0.53125,11.540294647216797,1.0,2,1.0,True,0.0,0.0,1.0
Bearing1_2,train,86,0.5375,11.571761131286621,1.0,2,1.0,True,0.0,0.0,1.0
Bearing1_2,train,87,0.54375,11.600400924682617,1.0,2,1.0,True,0.0,0.0,1.0
Bearing1_2,train,88,0.55,11.59913444519043,1.0,2,1.0,True,0.0,0.0,1.0
Bearing1_2,train,89,0.55625,11.621830940246582,1.0,2,1.0,True,0.0,0.0,1.0
Bearing1_2,train,90,0.5625,11.619585037231445,1.0,2,1.0,True,0.0,0.0,1.0
Bearing1_2,train,91,0.56875,11.624458312988281,1.0,2,1.0,True,0.0,0.0,1.0
Bearing1_2,train,92,0.575,11.645147323608398,1.0,2,1.0,True,0.0,0.0,1.0
Bearing1_2,train,93,0.58125,11.668278694152832,1.0,2,1.0,True,0.0,0.0,1.0
Bearing1_2,train,94,0.5875,11.676806449890137,1.0,2,1.0,True,0.0,0.0,1.0
Bearing1_2,train,95,0.59375,11.70338249206543,1.0,2,1.0,True,0.0,0.0,1.0
Bearing1_2,train,96,0.6,11.716262817382812,1.0,2,1.0,True,0.0,0.0,1.0
Bearing1_2,train,97,0.60625,11.73249626159668,1.0,2,1.0,True,0.0,0.0,1.0
Bearing1_2,train,98,0.6125,11.760726928710938,1.0,2,1.0,True,0.0,0.0,1.0
Bearing1_2,train,99,0.61875,11.775721549987793,1.0,2,1.0,True,0.0,0.0,1.0
Bearing1_2,train,100,0.625,11.791133880615234,1.0,2,1.0,True,0.0,0.0,1.0
Bearing1_2,train,101,0.63125,11.802267074584961,1.0,2,1.0,True,0.0,0.0,1.0
Bearing1_2,train,102,0.6375,11.818540573120117,1.0,2,1.0,True,0.0,0.0,1.0
Bearing1_2,train,103,0.64375,11.827544212341309,1.0,2,1.0,True,0.0,0.0,1.0
Bearing1_2,train,104,0.65,11.837911605834961,1.0,2,1.0,True,0.0,0.0,1.0
Bearing1_2,train,105,0.65625,11.843536376953125,1.0,2,1.0,True,0.0,0.0,1.0
Bearing1_2,train,106,0.6625,11.853008270263672,1.0,2,1.0,True,0.0,0.0,1.0
Bearing1_2,train,107,0.66875,11.863164901733398,1.0,2,1.0,True,0.0,0.0,1.0
Bearing1_2,train,108,0.675,11.872108459472656,1.0,2,1.0,True,0.0,0.0,1.0
Bearing1_2,train,109,0.68125,11.8804349899292,1.0,2,1.0,True,0.0,0.0,1.0
Bearing1_2,train,110,0.6875,11.887042999267578,1.0,2,1.0,True,0.0,0.0,1.0
Bearing1_2,train,111,0.69375,11.887322425842285,1.0,2,1.0,True,0.0,0.0,1.0
Bearing1_2,train,112,0.7,11.884328842163086,1.0,2,1.0,True,0.0,0.0,1.0
Bearing1_2,train,113,0.70625,11.877644538879395,1.0,2,1.0,True,0.0,0.0,1.0
Bearing1_2,train,114,0.7125,11.870767593383789,1.0,2,1.0,True,0.0,0.0,1.0
Bearing1_2,train,115,0.71875,11.869571685791016,1.0,2,1.0,True,0.0,0.0,1.0
Bearing1_2,train,116,0.725,11.867444038391113,1.0,2,1.0,True,0.0,0.0,1.0
Bearing1_2,train,117,0.73125,11.864994049072266,1.0,2,1.0,True,0.0,0.0,1.0
Bearing1_2,train,118,0.7375,11.861859321594238,1.0,2,1.0,True,0.0,0.0,1.0
Bearing1_2,train,119,0.74375,11.86170768737793,1.0,2,1.0,True,0.0,0.0,1.0
Bearing1_2,train,120,0.75,11.86067008972168,1.0,2,1.0,True,0.0,0.0,1.0
Bearing1_2,train,121,0.75625,11.864751815795898,1.0,2,1.0,True,0.0,0.0,1.0
Bearing1_2,train,122,0.7625,11.869241714477539,1.0,2,1.0,True,0.0,0.0,1.0
Bearing1_2,train,123,0.76875,11.878317832946777,1.0,2,1.0,True,0.0,0.0,1.0
Bearing1_2,train,124,0.775,11.88790512084961,1.0,2,1.0,True,0.0,0.0,1.0
Bearing1_2,train,125,0.78125,11.897150039672852,1.0,2,1.0,True,0.0,0.0,1.0
Bearing1_2,train,126,0.7875,11.905263900756836,1.0,2,1.0,True,0.0,0.0,1.0
Bearing1_2,train,127,0.79375,11.913225173950195,1.0,2,1.0,True,0.0,0.0,1.0
Bearing1_2,train,128,0.8,11.923460960388184,1.0,2,1.0,True,0.0,0.0,1.0
Bearing1_2,train,129,0.80625,11.932615280151367,1.0,2,1.0,True,0.0,0.0,1.0
Bearing1_2,train,130,0.8125,11.944245338439941,1.0,2,1.0,True,0.0,0.0,1.0
Bearing1_2,train,131,0.81875,11.953592300415039,1.0,2,1.0,True,0.0,0.0,1.0
Bearing1_2,train,132,0.825,11.962820053100586,1.0,2,1.0,True,0.0,0.0,1.0
Bearing1_2,train,133,0.83125,11.971800804138184,1.0,2,1.0,True,0.0,0.0,1.0
Bearing1_2,train,134,0.8375,11.978128433227539,1.0,2,1.0,True,0.0,0.0,1.0
Bearing1_2,train,135,0.84375,11.984493255615234,1.0,2,1.0,True,0.0,0.0,1.0
Bearing1_2,train,136,0.85,11.993343353271484,1.0,2,1.0,True,0.0,0.0,1.0
Bearing1_2,train,137,0.85625,12.00068473815918,1.0,2,1.0,True,0.0,0.0,1.0
Bearing1_2,train,138,0.8625,12.006479263305664,1.0,2,1.0,True,0.0,0.0,1.0
Bearing1_2,train,139,0.86875,12.010229110717773,1.0,2,1.0,True,0.0,0.0,1.0
Bearing1_2,train,140,0.875,12.011574745178223,1.0,2,1.0,True,0.0,0.0,1.0
Bearing1_2,train,141,0.88125,12.011935234069824,1.0,2,1.0,True,0.0,0.0,1.0
Bearing1_2,train,142,0.8875,12.012174606323242,1.0,2,1.0,True,0.0,0.0,1.0
Bearing1_2,train,143,0.89375,12.008977890014648,1.0,2,1.0,True,0.0,0.0,1.0
Bearing1_2,train,144,0.9,12.008056640625,1.0,2,1.0,True,0.0,0.0,1.0
Bearing1_2,train,145,0.90625,12.007669448852539,1.0,2,1.0,True,0.0,0.0,1.0
Bearing1_2,train,146,0.9125,12.011397361755371,1.0,2,1.0,True,0.0,0.0,1.0
Bearing1_2,train,147,0.91875,12.01823902130127,1.0,2,1.0,True,0.0,0.0,1.0
Bearing1_2,train,148,0.925,12.026178359985352,1.0,2,1.0,True,0.0,0.0,1.0
Bearing1_2,train,149,0.93125,12.03605842590332,1.0,2,1.0,True,0.0,0.0,1.0
Bearing1_2,train,150,0.9375,12.048206329345703,1.0,2,1.0,True,0.0,0.0,1.0
Bearing1_2,train,151,0.94375,12.062789916992188,1.0,2,1.0,True,0.0,0.0,1.0
Bearing1_2,train,152,0.95,12.077611923217773,1.0,2,1.0,True,0.0,0.0,1.0
Bearing1_2,train,153,0.95625,12.094331741333008,1.0,2,1.0,True,0.0,0.0,1.0
Bearing1_2,train,154,0.9625,12.111272811889648,1.0,2,1.0,True,0.0,0.0,1.0
Bearing1_2,train,155,0.96875,12.128435134887695,1.0,2,1.0,True,0.0,0.0,1.0
Bearing1_2,train,156,0.975,12.139823913574219,1.0,2,1.0,True,0.0,0.0,1.0
Bearing1_2,train,157,0.98125,12.150111198425293,1.0,2,1.0,True,0.0,0.0,1.0
Bearing1_2,train,158,0.9875,12.162088394165039,1.0,2,1.0,True,0.0,0.0,1.0
Bearing1_2,train,159,0.99375,12.174339294433594,1.0,2,1.0,True,0.0,0.0,1.0
Bearing1_2,train,160,1.0,12.196332931518555,1.0,2,1.0,True,0.0,0.0,1.0
Bearing1_3,train,0,0.0,,0.0,0,1.0,False,1.0,0.0,0.0
Bearing1_3,train,1,0.006369426751592357,,9.724204615096453e-17,0,1.0,False,1.0,1.9448409230192907e-16,0.0
Bearing1_3,train,2,0.012738853503184714,,1.66798967696427e-17,0,1.0,False,1.0,3.33597935392854e-17,0.0
Bearing1_3,train,3,0.01910828025477707,,1.5416730202274678e-17,0,1.0,False,1.0,3.0833460404549356e-17,0.0
Bearing1_3,train,4,0.025477707006369428,,1.574567381615655e-16,0,1.0,False,1.0,3.14913476323131e-16,0.0
Bearing1_3,train,5,0.03184713375796178,,4.095729923661578e-17,0,1.0,False,1.0,8.191459847323156e-17,0.0
Bearing1_3,train,6,0.03821656050955414,,2.4712855668550713e-16,0,1.0,False,1.0,4.942571133710143e-16,0.0
Bearing1_3,train,7,0.044585987261146494,,2.9842487361829414e-17,0,1.0,False,1.0,5.968497472365883e-17,0.0
Bearing1_3,train,8,0.050955414012738856,,2.2582965765443598e-17,0,1.0,False,1.0,4.5165931530887196e-17,0.0
Bearing1_3,train,9,0.05732484076433121,,1.869210517540047e-17,0,1.0,False,1.0,3.738421035080094e-17,0.0
Bearing1_3,train,10,0.06369426751592357,,2.400172074535896e-17,0,1.0,False,1.0,4.800344149071792e-17,0.0
Bearing1_3,train,11,0.07006369426751592,,1.6965683665211574e-16,0,1.0,False,1.0,3.393136733042315e-16,0.0
Bearing1_3,train,12,0.07643312101910828,,1.2384011557649756e-16,0,1.0,False,1.0,2.4768023115299513e-16,0.0
Bearing1_3,train,13,0.08280254777070063,,4.3084962655270847e-16,0,1.0,False,1.0,8.616992531054169e-16,0.0
Bearing1_3,train,14,0.08917197452229299,,3.418462335992049e-17,0,1.0,False,1.0,6.836924671984098e-17,0.0
Bearing1_3,train,15,0.09554140127388536,0.09610585123300552,3.995533087014585e-17,0,1.0,True,1.0,7.99106617402917e-17,0.0
Bearing1_3,train,16,0.10191082802547771,0.0979515016078949,4.0372094170393636e-17,0,1.0,True,1.0,8.074418834078727e-17,0.0
Bearing1_3,train,17,0.10828025477707007,0.11188552528619766,5.91060847253853e-17,0,1.0,True,1.0,1.182121694507706e-16,0.0
Bearing1_3,train,18,0.11464968152866242,0.19195203483104706,2.936014572924017e-15,0,0.9999999999999947,True,0.9999999999999947,5.872029145848034e-15,0.0
Bearing1_3,train,19,0.12101910828025478,0.2496413290500641,7.417769491844479e-15,0,0.9999999999999858,True,0.9999999999999858,1.4835538983688958e-14,0.0
Bearing1_3,train,20,0.12738853503184713,0.2976231276988983,1.9897250534378402e-14,0,0.9999999999999609,True,0.9999999999999609,3.9794501068756805e-14,0.0
Bearing1_3,train,21,0.1337579617834395,0.32334375381469727,6.471108782666887e-15,0,0.9999999999999876,True,0.9999999999999876,1.2942217565333774e-14,0.0
Bearing1_3,train,22,0.14012738853503184,0.363003671169281,2.284437402103261e-13,0,0.9999999999995435,True,0.9999999999995435,4.568874804206522e-13,0.0
Bearing1_3,train,23,0.1464968152866242,0.39680683612823486,4.312675988151267e-13,0,0.9999999999991376,True,0.9999999999991376,8.625351976302534e-13,0.0
Bearing1_3,train,24,0.15286624203821655,0.40596818923950195,8.269995413803419e-15,0,0.999999999999984,True,0.999999999999984,1.6539990827606837e-14,0.0
Bearing1_3,train,25,0.1592356687898089,0.44603413343429565,9.351750796902296e-15,0,0.9999999999999822,True,0.9999999999999822,1.8703501593804592e-14,0.0
Bearing1_3,train,26,0.16560509554140126,0.48278871178627014,5.466149746156328e-15,0,0.9999999999999893,True,0.9999999999999893,1.0932299492312656e-14,0.0
Bearing1_3,train,27,0.17197452229299362,0.5246332883834839,3.188648922795403e-14,0,0.999999999999936,True,0.999999999999936,6.377297845590806e-14,0.0
Bearing1_3,train,28,0.17834394904458598,0.5325088500976562,1.3418996220317233e-14,0,0.9999999999999734,True,0.9999999999999734,2.6837992440634466e-14,0.0
Bearing1_3,train,29,0.18471337579617833,0.5418086647987366,4.2119417578859915e-14,0,0.9999999999999165,True,0.9999999999999165,8.423883515771983e-14,0.0
Bearing1_3,train,30,0.1910828025477707,0.5311185717582703,2.585867192796093e-15,0,0.9999999999999947,True,0.9999999999999947,5.171734385592186e-15,0.0
Bearing1_3,train,31,0.19745222929936307,0.5400959849357605,3.9531665026128625e-14,0,0.9999999999999218,True,0.9999999999999218,7.906333005225725e-14,0.0
Bearing1_3,train,32,0.20382165605095542,0.5241339206695557,6.859977285455202e-15,0,0.9999999999999858,True,0.9999999999999858,1.3719954570910405e-14,0.0
Bearing1_3,train,33,0.21019108280254778,0.49486055970191956,9.841162636698803e-16,0,0.9999999999999982,True,0.9999999999999982,1.9682325273397606e-15,0.0
Bearing1_3,train,34,0.21656050955414013,0.48195284605026245,7.552251774539853e-16,0,0.9999999999999982,True,0.9999999999999982,1.5104503549079706e-15,0.0
Bearing1_3,train,35,0.2229299363057325,0.4731990396976471,1.7550367398621631e-15,0,0.9999999999999964,True,0.9999999999999964,3.5100734797243263e-15,0.0
Bearing1_3,train,36,0.22929936305732485,0.4700429439544678,2.7883712160215155e-15,0,0.9999999999999947,True,0.9999999999999947,5.576742432043031e-15,0.0
Bearing1_3,train,37,0.2356687898089172,0.43677911162376404,1.3885131575013768e-16,0,1.0,True,1.0,2.7770263150027537e-16,0.0
Bearing1_3,train,38,0.24203821656050956,0.40674981474876404,1.2240819676195656e-16,0,1.0,True,1.0,2.448163935239131e-16,0.0
Bearing1_3,train,39,0.2484076433121019,0.3634348511695862,5.942819424834212e-17,0,1.0,True,1.0,1.1885638849668425e-16,0.0
Bearing1_3,train,40,0.25477707006369427,0.3419404625892639,1.1531788050967157e-16,0,1.0,True,1.0,2.3063576101934315e-16,0.0
Bearing1_3,train,41,0.2611464968152866,0.31601279973983765,3.6982956216186366e-16,0,1.0,True,1.0,7.396591243237273e-16,0.0
Bearing1_3,train,42,0.267515923566879,0.29687851667404175,2.949156480977474e-16,0,1.0,True,1.0,5.898312961954948e-16,0.0
Bearing1_3,train,43,0.27388535031847133,0.27328991889953613,5.719242171227211e-17,0,1.0,True,1.0,1.1438484342454423e-16,0.0
Bearing1_3,train,44,0.2802547770700637,0.26569926738739014,2.6044641027409285e-16,0,1.0,True,1.0,5.208928205481857e-16,0.0
Bearing1_3,train,45,0.28662420382165604,0.24532660841941833,1.1290066050009112e-16,0,1.0,True,1.0,2.2580132100018225e-16,0.0
Bearing1_3,train,46,0.2929936305732484,0.22126677632331848,1.0117055813375887e-16,0,1.0,True,1.0,2.0234111626751774e-16,0.0
Bearing1_3,train,47,0.29936305732484075,0.22592201828956604,2.2631641795834184e-16,0,1.0,True,1.0,4.526328359166837e-16,0.0
Bearing1_3,train,48,0.3057324840764331,0.23301632702350616,2.503878113735917e-16,0,1.0,True,1.0,5.007756227471834e-16,0.0
Bearing1_3,train,49,0.31210191082802546,0.2640635371208191,3.680786008550588e-15,0,0.9999999999999929,True,0.9999999999999929,7.361572017101177e-15,0.0
Bearing1_3,train,50,0.3184713375796178,0.26839303970336914,1.998314952124718e-16,0,1.0,True,1.0,3.996629904249436e-16,0.0
Bearing1_3,train,51,0.3248407643312102,0.260709673166275,1.4243159032565634e-16,0,1.0,True,1.0,2.848631806513127e-16,0.0
Bearing1_3,train,52,0.33121019108280253,0.2409464418888092,4.04721380961748e-17,0,1.0,True,1.0,8.09442761923496e-17,0.0
Bearing1_3,train,53,0.3375796178343949,0.2398112565279007,4.9020878518036106e-17,0,1.0,True,1.0,9.804175703607221e-17,0.0
Bearing1_3,train,54,0.34394904458598724,0.2243357002735138,5.060913528278743e-17,0,1.0,True,1.0,1.0121827056557486e-16,0.0
Bearing1_3,train,55,0.3503184713375796,0.221642404794693,7.420484872607181e-17,0,1.0,True,1.0,1.4840969745214361e-16,0.0
Bearing1_3,train,56,0.35668789808917195,0.21273675560951233,3.6087015260483017e-17,0,1.0,True,1.0,7.217403052096603e-17,0.0
Bearing1_3,train,57,0.3630573248407643,0.20010140538215637,5.892791810276105e-17,0,1.0,True,1.0,1.178558362055221e-16,0.0
Bearing1_3,train,58,0.36942675159235666,0.2282659262418747,3.893423442550076e-14,0,0.9999999999999218,True,0.9999999999999218,7.786846885100152e-14,0.0
Bearing1_3,train,59,0.37579617834394907,0.2614142596721649,1.006331569959061e-11,0,0.9999999999798739,True,0.9999999999798739,2.012663139918122e-11,0.0
Bearing1_3,train,60,0.3821656050955414,0.33968767523765564,6.13854701079166e-08,0,0.9999998772290599,True,0.9999998772290599,1.227709402158332e-07,0.0
Bearing1_3,train,61,0.3885350318471338,0.39857912063598633,2.6307707108888087e-11,0,0.9999999999473848,True,0.9999999999473848,5.2615414217776173e-11,0.0
Bearing1_3,train,62,0.39490445859872614,0.49215373396873474,2.502415705216241e-08,0,0.999999949951686,True,0.999999949951686,5.004831410432482e-08,0.0
Bearing1_3,train,63,0.4012738853503185,0.5827553272247314,3.4100625858630415e-08,0,0.9999999317987481,True,0.9999999317987481,6.820125171726083e-08,0.0
Bearing1_3,train,64,0.40764331210191085,0.6578611135482788,1.3871183071668786e-10,0,0.9999999997225766,True,0.9999999997225766,2.774236614333757e-10,0.0
Bearing1_3,train,65,0.4140127388535032,0.7243267893791199,5.5381552881550055e-11,0,0.999999999889237,True,0.999999999889237,1.1076310576310011e-10,0.0
Bearing1_3,train,66,0.42038216560509556,0.8289670944213867,2.6444935654546798e-06,0,0.9999947110128687,True,0.9999947110128687,5.2889871309093595e-06,0.0
Bearing1_3,train,67,0.4267515923566879,0.9335963129997253,1.8013991507600377e-05,0,0.9999639720169847,True,0.9999639720169847,3.602798301520075e-05,0.0
Bearing1_3,train,68,0.43312101910828027,0.9984180331230164,2.8320398177042776e-05,0,0.9999433592036463,True,0.9999433592036463,5.664079635408555e-05,0.0
Bearing1_3,train,69,0.4394904458598726,1.043195366859436,0.0001289348779407075,0,0.9997421302441184,True,0.9997421302441184,0.000257869755881415,0.0
Bearing1_3,train,70,0.445859872611465,1.0598777532577515,3.784802225514774e-05,0,0.9999243039554899,True,0.9999243039554899,7.569604451029548e-05,0.0
Bearing1_3,train,71,0.45222929936305734,1.1402089595794678,0.4999919277972848,1,0.9999838555945696,True,1.614440542958593e-05,0.9999838555945696,0.0
Bearing1_3,train,72,0.4585987261146497,1.2273310422897339,0.5,1,1.0,True,3.885508832770948e-19,1.0,0.0
Bearing1_3,train,73,0.46496815286624205,1.3009507656097412,0.5,1,1.0,True,1.7644754874698427e-29,1.0,0.0
Bearing1_3,train,74,0.4713375796178344,1.4089953899383545,0.5,1,1.0,True,6.27359688210928e-45,1.0,0.0
Bearing1_3,train,75,0.47770700636942676,1.5256640911102295,0.5,1,1.0,True,4.33866558840091e-62,1.0,0.0
Bearing1_3,train,76,0.4840764331210191,1.6214338541030884,0.5,1,1.0,True,3.6936949264209036e-82,1.0,0.0
Bearing1_3,train,77,0.49044585987261147,1.7220561504364014,0.5,1,1.0,True,3.725822706107638e-105,1.0,0.0
Bearing1_3,train,78,0.4968152866242038,1.8324544429779053,0.5,1,1.0,True,3.616121013653629e-132,1.0,0.0
Bearing1_3,train,79,0.5031847133757962,1.9202083349227905,0.5,1,1.0,True,2.675782627323141e-152,1.0,0.0
Bearing1_3,train,80,0.5095541401273885,2.035616397857666,0.5,1,1.0,True,3.658039652102479e-181,1.0,0.0
Bearing1_3,train,81,0.5159235668789809,2.101930856704712,0.5,1,1.0,True,2.4519062216242718e-207,1.0,0.0
Bearing1_3,train,82,0.5222929936305732,2.1585476398468018,0.5,1,1.0,True,6.109293848970637e-240,1.0,0.0
Bearing1_3,train,83,0.5286624203821656,2.2383193969726562,0.5,1,1.0,True,1.9222837807627267e-276,1.0,0.0
Bearing1_3,train,84,0.535031847133758,2.294520378112793,0.5,1,1.0,True,1.769961415904e-311,1.0,0.0
Bearing1_3,train,85,0.5414012738853503,2.349029064178467,0.5,1,1.0,True,0.0,1.0,0.0
Bearing1_3,train,86,0.5477707006369427,2.369248390197754,0.5,1,1.0,True,0.0,1.0,0.0
Bearing1_3,train,87,0.554140127388535,2.4143004417419434,0.5,1,1.0,True,0.0,1.0,0.0
Bearing1_3,train,88,0.5605095541401274,2.468461275100708,0.5,1,1.0,True,0.0,1.0,0.0
Bearing1_3,train,89,0.5668789808917197,2.538818836212158,0.5,1,1.0,True,0.0,1.0,0.0
Bearing1_3,train,90,0.5732484076433121,2.5864131450653076,0.5,1,1.0,True,0.0,1.0,0.0
Bearing1_3,train,91,0.5796178343949044,2.746676206588745,0.5,1,1.0,True,0.0,1.0,0.0
Bearing1_3,train,92,0.5859872611464968,2.876234292984009,0.5,1,1.0,True,0.0,1.0,0.0
Bearing1_3,train,93,0.5923566878980892,3.0356686115264893,0.5,1,1.0,True,0.0,1.0,0.0
Bearing1_3,train,94,0.5987261146496815,3.198683738708496,0.5,1,1.0,True,0.0,1.0,0.0
Bearing1_3,train,95,0.6050955414012739,3.3865132331848145,0.5,1,1.0,True,0.0,1.0,0.0
Bearing1_3,train,96,0.6114649681528662,3.583500623703003,0.5,1,1.0,True,0.0,1.0,0.0
Bearing1_3,train,97,0.6178343949044586,3.7368850708007812,0.5,1,1.0,True,0.0,1.0,0.0
Bearing1_3,train,98,0.6242038216560509,3.903785228729248,0.5,1,1.0,True,0.0,1.0,0.0
Bearing1_3,train,99,0.6305732484076433,4.075682640075684,0.5,1,1.0,True,0.0,1.0,0.0
Bearing1_3,train,100,0.6369426751592356,4.258383274078369,0.5,1,1.0,True,0.0,1.0,0.0
Bearing1_3,train,101,0.643312101910828,4.347109794616699,0.5,1,1.0,True,0.0,1.0,0.0
Bearing1_3,train,102,0.6496815286624203,4.476720333099365,0.5,1,1.0,True,0.0,1.0,0.0
Bearing1_3,train,103,0.6560509554140127,4.564897060394287,0.5,1,1.0,True,0.0,1.0,0.0
Bearing1_3,train,104,0.6624203821656051,4.667638301849365,0.5,1,1.0,True,0.0,1.0,0.0
Bearing1_3,train,105,0.6687898089171974,4.75877046585083,0.5,1,1.0,True,0.0,1.0,0.0
Bearing1_3,train,106,0.6751592356687898,4.876858234405518,0.5,1,1.0,True,0.0,1.0,0.0
Bearing1_3,train,107,0.6815286624203821,5.0383100509643555,0.5,1,1.0,True,0.0,1.0,0.0
Bearing1_3,train,108,0.6878980891719745,5.149864673614502,0.5,1,1.0,True,0.0,1.0,0.0
Bearing1_3,train,109,0.6942675159235668,5.287394046783447,0.5,1,1.0,True,0.0,1.0,0.0
Bearing1_3,train,110,0.7006369426751592,5.427834510803223,0.5,1,1.0,True,0.0,1.0,0.0
Bearing1_3,train,111,0.7070063694267515,5.514519691467285,0.5,1,1.0,True,0.0,1.0,0.0
Bearing1_3,train,112,0.7133757961783439,5.613099575042725,0.5,1,1.0,True,0.0,1.0,0.0
Bearing1_3,train,113,0.7197452229299363,5.729248046875,0.5,1,1.0,True,0.0,1.0,0.0
Bearing1_3,train,114,0.7261146496815286,5.810099124908447,0.5,1,1.0,True,0.0,1.0,0.0
Bearing1_3,train,115,0.732484076433121,5.86675500869751,0.5,1,1.0,True,0.0,1.0,0.0
Bearing1_3,train,116,0.7388535031847133,5.954381465911865,0.5,1,1.0,True,0.0,1.0,0.0
Bearing1_3,train,117,0.7452229299363057,5.999567985534668,0.5,1,1.0,True,0.0,1.0,0.0
Bearing1_3,train,118,0.7515923566878981,6.0780415534973145,0.5,1,1.0,True,0.0,1.0,0.0
Bearing1_3,train,119,0.7579617834394905,6.156569480895996,0.5,1,1.0,True,0.0,1.0,0.0
Bearing1_3,train,120,0.7643312101910829,6.23292875289917,0.5,1,1.0,True,0.0,1.0,0.0
Bearing1_3,train,121,0.7707006369426752,6.352209568023682,0.5,1,1.0,True,0.0,1.0,0.0
Bearing1_3,train,122,0.7770700636942676,6.472907066345215,0.5,1,1.0,True,0.0,1.0,0.0
Bearing1_3,train,123,0.7834394904458599,6.619653224945068,0.5,1,1.0,True,0.0,1.0,0.0
Bearing1_3,train,124,0.7898089171974523,6.802630424499512,0.5,1,1.0,True,0.0,1.0,0.0
Bearing1_3,train,125,0.7961783439490446,6.963197231292725,0.5,1,1.0,True,0.0,1.0,0.0
Bearing1_3,train,126,0.802547770700637,7.124615669250488,0.5,1,1.0,True,0.0,1.0,0.0
Bearing1_3,train,127,0.8089171974522293,7.304739475250244,0.5,1,1.0,True,0.0,1.0,0.0
Bearing1_3,train,128,0.8152866242038217,7.54428768157959,0.5,1,1.0,True,0.0,1.0,1.6995741202194625e-196
Bearing1_3,train,129,0.821656050955414,7.788665771484375,0.5,1,1.0,True,0.0,1.0,8.219585133854678e-145
Bearing1_3,train,130,0.8280254777070064,7.984171390533447,0.5,1,1.0,True,0.0,1.0,9.130003579442524e-200
Bearing1_3,train,131,0.8343949044585988,8.312650680541992,0.5,1,1.0,True,0.0,1.0,7.897200802870875e-41
Bearing1_3,train,132,0.8407643312101911,8.62797737121582,0.5,1,1.0,True,0.0,1.0,7.288154978191074e-18
Bearing1_3,train,133,0.8471337579617835,8.949365615844727,0.9999999998907181,2,0.999999999781437,True,0.0,2.1856213906535688e-10,0.999999999781437
Bearing1_3,train,134,0.8535031847133758,9.263168334960938,1.0,2,1.0,True,0.0,2.1976654052001714e-24,1.0
Bearing1_3,train,135,0.8598726114649682,9.609502792358398,1.0,2,1.0,True,0.0,2.3911774725662194e-39,1.0
Bearing1_3,train,136,0.8662420382165605,9.92905044555664,1.0,2,1.0,True,0.0,9.675687133546647e-60,1.0
Bearing1_3,train,137,0.8726114649681529,10.243814468383789,1.0,2,1.0,True,0.0,2.367075048988105e-81,1.0
Bearing1_3,train,138,0.8789808917197452,10.488104820251465,1.0,2,1.0,True,0.0,1.8619202184191843e-104,1.0
Bearing1_3,train,139,0.8853503184713376,10.69282341003418,1.0,2,1.0,True,0.0,1.5413296115682287e-125,1.0
Bearing1_3,train,140,0.89171974522293,10.937886238098145,1.0,2,1.0,True,0.0,5.196449431006201e-148,1.0
Bearing1_3,train,141,0.8980891719745223,11.052925109863281,1.0,2,1.0,True,0.0,3.666484912194355e-171,1.0
Bearing1_3,train,142,0.9044585987261147,11.143269538879395,1.0,2,1.0,True,0.0,5.093642887026249e-195,1.0
Bearing1_3,train,143,0.910828025477707,11.189435005187988,1.0,2,1.0,True,0.0,1.1087739727133166e-219,1.0
Bearing1_3,train,144,0.9171974522292994,11.227783203125,1.0,2,1.0,True,0.0,3.402847809117572e-244,1.0
Bearing1_3,train,145,0.9235668789808917,11.289405822753906,1.0,2,1.0,True,0.0,8.576524692950708e-272,1.0
Bearing1_3,train,146,0.9299363057324841,11.326177597045898,1.0,2,1.0,True,0.0,8.025383224203098e-299,1.0
Bearing1_3,train,147,0.9363057324840764,11.354498863220215,1.0,2,1.0,True,0.0,0.0,1.0
Bearing1_3,train,148,0.9426751592356688,11.384079933166504,1.0,2,1.0,True,0.0,0.0,1.0
Bearing1_3,train,149,0.9490445859872612,11.45596981048584,1.0,2,1.0,True,0.0,0.0,1.0
Bearing1_3,train,150,0.9554140127388535,11.52641487121582,1.0,2,1.0,True,0.0,0.0,1.0
Bearing1_3,train,151,0.9617834394904459,11.595991134643555,1.0,2,1.0,True,0.0,0.0,1.0
Bearing1_3,train,152,0.9681528662420382,11.667482376098633,1.0,2,1.0,True,0.0,0.0,1.0
Bearing1_3,train,153,0.9745222929936306,11.73086929321289,1.0,2,1.0,True,0.0,0.0,1.0
Bearing1_3,train,154,0.9808917197452229,11.797297477722168,1.0,2,1.0,True,0.0,0.0,1.0
Bearing1_3,train,155,0.9872611464968153,11.838257789611816,1.0,2,1.0,True,0.0,0.0,1.0
Bearing1_3,train,156,0.9936305732484076,11.889074325561523,1.0,2,1.0,True,0.0,0.0,1.0
Bearing1_3,train,157,1.0,11.943402290344238,1.0,2,1.0,True,0.0,0.0,1.0
Bearing1_4,validation,0,0.0,,0.0,0,1.0,False,1.0,0.0,0.0
Bearing1_4,validation,1,0.008264462809917356,,0.5,1,1.0,False,3.4306060073264094e-105,1.0,0.0
Bearing1_4,validation,2,0.01652892561983471,,0.5,1,1.0,False,4.783936327762241e-215,1.0,0.0
Bearing1_4,validation,3,0.024793388429752067,,0.5,1,1.0,False,0.0,1.0,0.0
Bearing1_4,validation,4,0.03305785123966942,,0.5,1,1.0,False,0.0,1.0,0.0
Bearing1_4,validation,5,0.04132231404958678,,0.5,1,1.0,False,0.0,1.0,0.0
Bearing1_4,validation,6,0.049586776859504134,,0.5,1,1.0,False,0.0,1.0,0.0
Bearing1_4,validation,7,0.05785123966942149,,0.5,1,1.0,False,0.0,1.0,0.0
Bearing1_4,validation,8,0.06611570247933884,,0.5,1,1.0,False,0.0,1.0,0.0
Bearing1_4,validation,9,0.0743801652892562,,0.5,1,1.0,False,0.0,1.0,0.0
Bearing1_4,validation,10,0.08264462809917356,,0.5,1,1.0,False,0.0,1.0,0.0
Bearing1_4,validation,11,0.09090909090909091,,0.5,1,1.0,False,0.0,1.0,0.0
Bearing1_4,validation,12,0.09917355371900827,,0.5,1,1.0,False,0.0,1.0,0.0
Bearing1_4,validation,13,0.10743801652892562,,0.5,1,1.0,False,0.0,1.0,0.0
Bearing1_4,validation,14,0.11570247933884298,,0.5,1,1.0,False,0.0,1.0,0.0
Bearing1_4,validation,15,0.12396694214876033,0.7088103294372559,0.5,1,1.0,True,0.0,1.0,0.0
Bearing1_4,validation,16,0.1322314049586777,0.7214310169219971,0.5,1,1.0,True,0.0,1.0,0.0
Bearing1_4,validation,17,0.14049586776859505,0.743253231048584,0.5,1,1.0,True,0.0,1.0,0.0
Bearing1_4,validation,18,0.1487603305785124,0.7358604669570923,0.5,1,1.0,True,0.0,1.0,0.0
Bearing1_4,validation,19,0.15702479338842976,0.739304780960083,0.5,1,1.0,True,0.0,1.0,0.0
Bearing1_4,validation,20,0.1652892561983471,0.7860205173492432,0.5,1,1.0,True,0.0,1.0,0.0
Bearing1_4,validation,21,0.17355371900826447,0.7796124815940857,0.5,1,1.0,True,0.0,1.0,0.0
Bearing1_4,validation,22,0.18181818181818182,0.8102059364318848,0.5,1,1.0,True,0.0,1.0,0.0
Bearing1_4,validation,23,0.19008264462809918,0.8232985138893127,0.5,1,1.0,True,0.0,1.0,0.0
Bearing1_4,validation,24,0.19834710743801653,0.83753901720047,0.5,1,1.0,True,0.0,1.0,0.0
Bearing1_4,validation,25,0.2066115702479339,0.8887463808059692,0.5,1,1.0,True,0.0,1.0,0.0
Bearing1_4,validation,26,0.21487603305785125,0.9267333745956421,0.5,1,1.0,True,0.0,1.0,0.0
Bearing1_4,validation,27,0.2231404958677686,0.951966404914856,0.5,1,1.0,True,0.0,1.0,0.0
Bearing1_4,validation,28,0.23140495867768596,0.9738384485244751,0.5,1,1.0,True,0.0,1.0,0.0
Bearing1_4,validation,29,0.2396694214876033,0.965939998626709,0.5,1,1.0,True,0.0,1.0,0.0
Bearing1_4,validation,30,0.24793388429752067,0.9335775375366211,0.5,1,1.0,True,0.0,1.0,0.0
Bearing1_4,validation,31,0.256198347107438,0.9147068858146667,0.5,1,1.0,True,0.0,1.0,0.0
Bearing1_4,validation,32,0.2644628099173554,0.8890458941459656,0.5,1,1.0,True,0.0,1.0,0.0
Bearing1_4,validation,33,0.2727272727272727,0.8653548359870911,0.5,1,1.0,True,0.0,1.0,0.0
Bearing1_4,validation,34,0.2809917355371901,0.8322417140007019,0.5,1,1.0,True,0.0,1.0,0.0
Bearing1_4,validation,35,0.2892561983471074,0.7850996255874634,0.5,1,1.0,True,0.0,1.0,0.0
Bearing1_4,validation,36,0.2975206611570248,0.7281469702720642,0.5,1,1.0,True,0.0,1.0,0.0
Bearing1_4,validation,37,0.30578512396694213,0.7169775366783142,0.5,1,1.0,True,0.0,1.0,0.0
Bearing1_4,validation,38,0.3140495867768595,0.7350538969039917,0.5,1,1.0,True,0.0,1.0,0.0
Bearing1_4,validation,39,0.32231404958677684,0.7554903030395508,0.5,1,1.0,True,0.0,1.0,0.0
Bearing1_4,validation,40,0.3305785123966942,0.7737849950790405,0.5,1,1.0,True,0.0,1.0,0.0
Bearing1_4,validation,41,0.33884297520661155,0.7993320822715759,0.5,1,1.0,True,0.0,1.0,0.0
Bearing1_4,validation,42,0.34710743801652894,0.783850908279419,0.5,1,1.0,True,0.0,1.0,0.0
Bearing1_4,validation,43,0.35537190082644626,0.8042105436325073,0.5,1,1.0,True,0.0,1.0,0.0
Bearing1_4,validation,44,0.36363636363636365,0.8071917295455933,0.5,1,1.0,True,0.0,1.0,0.0
Bearing1_4,validation,45,0.371900826446281,0.8089665174484253,0.5,1,1.0,True,0.0,1.0,0.0
Bearing1_4,validation,46,0.38016528925619836,0.812219500541687,0.5,1,1.0,True,0.0,1.0,0.0
Bearing1_4,validation,47,0.3884297520661157,0.7659511566162109,0.5,1,1.0,True,0.0,1.0,0.0
Bearing1_4,validation,48,0.39669421487603307,0.675674557685852,0.5,1,1.0,True,0.0,1.0,0.0
Bearing1_4,validation,49,0.4049586776859504,0.601828932762146,0.5,1,1.0,True,0.0,1.0,0.0
Bearing1_4,validation,50,0.4132231404958678,0.5883620381355286,0.5,1,1.0,True,0.0,1.0,0.0
Bearing1_4,validation,51,0.4214876033057851,0.5863317847251892,0.5,1,1.0,True,0.0,1.0,0.0
Bearing1_4,validation,52,0.4297520661157025,0.6011521816253662,0.5,1,1.0,True,0.0,1.0,0.0
Bearing1_4,validation,53,0.4380165289256198,0.6152285933494568,0.5,1,1.0,True,0.0,1.0,0.0
Bearing1_4,validation,54,0.4462809917355372,0.6422220468521118,0.5,1,1.0,True,0.0,1.0,0.0
Bearing1_4,validation,55,0.45454545454545453,0.6445112824440002,0.5,1,1.0,True,0.0,1.0,0.0
Bearing1_4,validation,56,0.4628099173553719,0.7017807364463806,0.5,1,1.0,True,0.0,1.0,0.0
Bearing1_4,validation,57,0.47107438016528924,0.7624011039733887,0.5,1,1.0,True,0.0,1.0,0.0
Bearing1_4,validation,58,0.4793388429752066,0.8411428332328796,0.5,1,1.0,True,0.0,1.0,0.0
Bearing1_4,validation,59,0.48760330578512395,0.9269609451293945,0.5,1,1.0,True,0.0,1.0,0.0
Bearing1_4,validation,60,0.49586776859504134,0.9680719375610352,0.5,1,1.0,True,0.0,1.0,0.0
Bearing1_4,validation,61,0.5041322314049587,0.959875762462616,0.5,1,1.0,True,0.0,1.0,0.0
Bearing1_4,validation,62,0.512396694214876,0.9746609926223755,0.5,1,1.0,True,0.0,1.0,0.0
Bearing1_4,validation,63,0.5206611570247934,0.9666208028793335,0.5,1,1.0,True,0.0,1.0,0.0
Bearing1_4,validation,64,0.5289256198347108,0.9760079383850098,0.5,1,1.0,True,0.0,1.0,0.0
Bearing1_4,validation,65,0.5371900826446281,1.0105483531951904,0.5,1,1.0,True,0.0,1.0,0.0
Bearing1_4,validation,66,0.5454545454545454,1.0093294382095337,0.5,1,1.0,True,0.0,1.0,0.0
Bearing1_4,validation,67,0.5537190082644629,1.0155646800994873,0.5,1,1.0,True,0.0,1.0,0.0
Bearing1_4,validation,68,0.5619834710743802,1.0318629741668701,0.5,1,1.0,True,0.0,1.0,0.0
Bearing1_4,validation,69,0.5702479338842975,1.0514270067214966,0.5,1,1.0,True,0.0,1.0,0.0
Bearing1_4,validation,70,0.5785123966942148,1.061556100845337,0.5,1,1.0,True,0.0,1.0,0.0
Bearing1_4,validation,71,0.5867768595041323,1.0975370407104492,0.5,1,1.0,True,0.0,1.0,0.0
Bearing1_4,validation,72,0.5950413223140496,1.1302193403244019,0.5,1,1.0,True,0.0,1.0,0.0
Bearing1_4,validation,73,0.6033057851239669,1.1522597074508667,0.5,1,1.0,True,0.0,1.0,0.0
Bearing1_4,validation,74,0.6115702479338843,1.1939268112182617,0.5,1,1.0,True,0.0,1.0,0.0
Bearing1_4,validation,75,0.6198347107438017,1.2046382427215576,0.5,1,1.0,True,0.0,1.0,0.0
Bearing1_4,validation,76,0.628099173553719,1.2338099479675293,0.5,1,1.0,True,0.0,1.0,0.0
Bearing1_4,validation,77,0.6363636363636364,1.258721113204956,0.5,1,1.0,True,0.0,1.0,0.0
Bearing1_4,validation,78,0.6446280991735537,1.2809555530548096,0.5,1,1.0,True,0.0,1.0,0.0
Bearing1_4,validation,79,0.6528925619834711,1.3216054439544678,0.5,1,1.0,True,0.0,1.0,0.0
Bearing1_4,validation,80,0.6611570247933884,1.4375393390655518,0.5,1,1.0,True,0.0,1.0,0.0
Bearing1_4,validation,81,0.6694214876033058,1.5790953636169434,0.5,1,1.0,True,0.0,1.0,0.0
Bearing1_4,validation,82,0.6776859504132231,1.71065354347229,0.5,1,1.0,True,0.0,1.0,0.0
Bearing1_4,validation,83,0.6859504132231405,1.9038406610488892,0.5,1,1.0,True,0.0,1.0,0.0
Bearing1_4,validation,84,0.6942148760330579,2.093987226486206,0.5,1,1.0,True,0.0,1.0,0.0
Bearing1_4,validation,85,0.7024793388429752,2.321211338043213,0.5,1,1.0,True,0.0,1.0,0.0
Bearing1_4,validation,86,0.7107438016528925,2.5015010833740234,0.5,1,1.0,True,0.0,1.0,0.0
Bearing1_4,validation,87,0.71900826446281,2.747267246246338,0.5,1,1.0,True,0.0,1.0,0.0
Bearing1_4,validation,88,0.7272727272727273,2.9955759048461914,0.5,1,1.0,True,0.0,1.0,0.0
Bearing1_4,validation,89,0.7355371900826446,3.27009916305542,0.5,1,1.0,True,0.0,1.0,0.0
Bearing1_4,validation,90,0.743801652892562,3.420185089111328,0.5,1,1.0,True,0.0,1.0,0.0
Bearing1_4,validation,91,0.7520661157024794,3.535419464111328,0.5,1,1.0,True,0.0,1.0,0.0
Bearing1_4,validation,92,0.7603305785123967,3.6597187519073486,0.5,1,1.0,True,0.0,1.0,0.0
Bearing1_4,validation,93,0.768595041322314,3.7142512798309326,0.5,1,1.0,True,0.0,1.0,0.0
Bearing1_4,validation,94,0.7768595041322314,3.729818820953369,0.5,1,1.0,True,0.0,1.0,0.0
Bearing1_4,validation,95,0.7851239669421488,3.705462694168091,0.5,1,1.0,True,0.0,1.0,0.0
Bearing1_4,validation,96,0.7933884297520661,3.7156035900115967,0.5,1,1.0,True,0.0,1.0,0.0
Bearing1_4,validation,97,0.8016528925619835,3.6765060424804688,0.5,1,1.0,True,0.0,1.0,0.0
Bearing1_4,validation,98,0.8099173553719008,3.630460262298584,0.5,1,1.0,True,0.0,1.0,0.0
Bearing1_4,validation,99,0.8181818181818182,3.522688388824463,0.5,1,1.0,True,0.0,1.0,0.0
Bearing1_4,validation,100,0.8264462809917356,3.451220989227295,0.5,1,1.0,True,0.0,1.0,0.0
Bearing1_4,validation,101,0.8347107438016529,3.4221482276916504,0.5,1,1.0,True,0.0,1.0,0.0
Bearing1_4,validation,102,0.8429752066115702,3.3616557121276855,0.5,1,1.0,True,0.0,1.0,0.0
Bearing1_4,validation,103,0.8512396694214877,3.298497438430786,0.5,1,1.0,True,0.0,1.0,0.0
Bearing1_4,validation,104,0.859504132231405,3.2771995067596436,0.5,1,1.0,True,0.0,1.0,0.0
Bearing1_4,validation,105,0.8677685950413223,3.2642276287078857,0.5,1,1.0,True,0.0,1.0,0.0
Bearing1_4,validation,106,0.8760330578512396,3.2639148235321045,0.5,1,1.0,True,0.0,1.0,0.0
Bearing1_4,validation,107,0.8842975206611571,3.230133533477783,0.5,1,1.0,True,0.0,1.0,0.0
Bearing1_4,validation,108,0.8925619834710744,3.186040163040161,0.5,1,1.0,True,0.0,1.0,0.0
Bearing1_4,validation,109,0.9008264462809917,3.1933584213256836,0.5,1,1.0,True,0.0,1.0,0.0
Bearing1_4,validation,110,0.9090909090909091,3.1855530738830566,0.5,1,1.0,True,0.0,1.0,0.0
Bearing1_4,validation,111,0.9173553719008265,3.1730644702911377,0.5,1,1.0,True,0.0,1.0,0.0
Bearing1_4,validation,112,0.9256198347107438,3.17279052734375,0.5,1,1.0,True,0.0,1.0,0.0
Bearing1_4,validation,113,0.9338842975206612,3.1737430095672607,0.5,1,1.0,True,0.0,1.0,0.0
Bearing1_4,validation,114,0.9421487603305785,3.1373066902160645,0.5,1,1.0,True,0.0,1.0,0.0
Bearing1_4,validation,115,0.9504132231404959,3.116856336593628,0.5,1,1.0,True,0.0,1.0,0.0
Bearing1_4,validation,116,0.9586776859504132,3.0813190937042236,0.5,1,1.0,True,0.0,1.0,0.0
Bearing1_4,validation,117,0.9669421487603306,3.0717363357543945,0.5,1,1.0,True,0.0,1.0,0.0
Bearing1_4,validation,118,0.9752066115702479,3.0862514972686768,0.5,1,1.0,True,0.0,1.0,0.0
Bearing1_4,validation,119,0.9834710743801653,3.031668186187744,0.5,1,1.0,True,0.0,1.0,0.0
Bearing1_4,validation,120,0.9917355371900827,3.053175210952759,0.5,1,1.0,True,0.0,1.0,0.0
Bearing1_4,validation,121,1.0,3.964373826980591,0.5,1,1.0,True,0.0,1.0,0.0
Bearing1_5,holdout_test,0,0.0,,0.0,0,1.0,False,1.0,0.0,0.0
Bearing1_5,holdout_test,1,0.0196078431372549,,0.5,1,1.0,False,2.6323528100993404e-223,1.0,0.0
Bearing1_5,holdout_test,2,0.0392156862745098,,0.5,1,1.0,False,0.0,1.0,0.0
Bearing1_5,holdout_test,3,0.058823529411764705,,0.5,1,1.0,False,0.0,1.0,0.0
Bearing1_5,holdout_test,4,0.0784313725490196,,0.5,1,1.0,False,0.0,1.0,0.0
Bearing1_5,holdout_test,5,0.09803921568627451,,0.5,1,1.0,False,0.0,1.0,0.0
Bearing1_5,holdout_test,6,0.11764705882352941,,0.5,1,1.0,False,0.0,1.0,0.0
Bearing1_5,holdout_test,7,0.13725490196078433,,0.5,1,1.0,False,0.0,1.0,0.0
Bearing1_5,holdout_test,8,0.1568627450980392,,0.5,1,1.0,False,0.0,1.0,0.0
Bearing1_5,holdout_test,9,0.17647058823529413,,0.5,1,1.0,False,0.0,1.0,0.0
Bearing1_5,holdout_test,10,0.19607843137254902,,0.5,1,1.0,False,0.0,1.0,0.0
Bearing1_5,holdout_test,11,0.21568627450980393,,0.5,1,1.0,False,0.0,1.0,0.0
Bearing1_5,holdout_test,12,0.23529411764705882,,0.5,1,1.0,False,0.0,1.0,0.0
Bearing1_5,holdout_test,13,0.2549019607843137,,0.5,1,1.0,False,0.0,1.0,0.0
Bearing1_5,holdout_test,14,0.27450980392156865,,0.5,1,1.0,False,0.0,1.0,0.0
Bearing1_5,holdout_test,15,0.29411764705882354,0.24039682745933533,0.5,1,1.0,True,0.0,1.0,0.0
Bearing1_5,holdout_test,16,0.3137254901960784,0.21456581354141235,0.5,1,1.0,True,0.0,1.0,0.0
Bearing1_5,holdout_test,17,0.3333333333333333,0.18511275947093964,0.5,1,1.0,True,0.0,1.0,0.0
Bearing1_5,holdout_test,18,0.35294117647058826,0.1628047525882721,0.5,1,1.0,True,0.0,1.0,0.0
Bearing1_5,holdout_test,19,0.37254901960784315,0.14656177163124084,0.5,1,1.0,True,0.0,1.0,0.0
Bearing1_5,holdout_test,20,0.39215686274509803,0.1626031994819641,0.5,1,1.0,True,0.0,1.0,0.0
Bearing1_5,holdout_test,21,0.4117647058823529,0.17089197039604187,0.5,1,1.0,True,0.0,1.0,0.0
Bearing1_5,holdout_test,22,0.43137254901960786,0.1870369017124176,0.5,1,1.0,True,0.0,1.0,0.0
Bearing1_5,holdout_test,23,0.45098039215686275,0.19445426762104034,0.5,1,1.0,True,0.0,1.0,0.0
Bearing1_5,holdout_test,24,0.47058823529411764,0.2064647227525711,0.5,1,1.0,True,0.0,1.0,0.0
Bearing1_5,holdout_test,25,0.49019607843137253,0.2184201031923294,0.5,1,1.0,True,0.0,1.0,0.0
Bearing1_5,holdout_test,26,0.5098039215686274,0.23768582940101624,0.5,1,1.0,True,0.0,1.0,0.0
Bearing1_5,holdout_test,27,0.5294117647058824,0.24487194418907166,0.5,1,1.0,True,0.0,1.0,0.0
Bearing1_5,holdout_test,28,0.5490196078431373,0.2531399428844452,0.5,1,1.0,True,0.0,1.0,0.0
Bearing1_5,holdout_test,29,0.5686274509803921,0.25110000371932983,0.5,1,1.0,True,0.0,1.0,0.0
Bearing1_5,holdout_test,30,0.5882352941176471,0.23674461245536804,0.5,1,1.0,True,0.0,1.0,0.0
Bearing1_5,holdout_test,31,0.6078431372549019,0.22944529354572296,0.5,1,1.0,True,0.0,1.0,0.0
Bearing1_5,holdout_test,32,0.6274509803921569,0.21901337802410126,0.5,1,1.0,True,0.0,1.0,0.0
Bearing1_5,holdout_test,33,0.6470588235294118,0.25595250725746155,0.5,1,1.0,True,0.0,1.0,0.0
Bearing1_5,holdout_test,34,0.6666666666666666,0.3869186043739319,0.5,1,1.0,True,0.0,1.0,0.0
Bearing1_5,holdout_test,35,0.6862745098039216,0.5824579000473022,0.5,1,1.0,True,0.0,1.0,0.0
Bearing1_5,holdout_test,36,0.7058823529411765,0.8678755760192871,0.5,1,1.0,True,0.0,1.0,0.0
Bearing1_5,holdout_test,37,0.7254901960784313,1.2316941022872925,0.5,1,1.0,True,0.0,1.0,1.124107335191637e-225
Bearing1_5,holdout_test,38,0.7450980392156863,1.6269619464874268,0.5,1,1.0,True,0.0,1.0,1.9140449748643264e-175
Bearing1_5,holdout_test,39,0.7647058823529411,2.1514694690704346,0.5,1,1.0,True,0.0,1.0,4.306567958126436e-43
Bearing1_5,holdout_test,40,0.7843137254901961,2.7388739585876465,0.9997381340657431,2,0.9994762681314852,True,0.0,0.0005237318685157562,0.9994762681314852
Bearing1_5,holdout_test,41,0.803921568627451,3.379429578781128,1.0,2,1.0,True,0.0,3.863555757949938e-29,1.0
Bearing1_5,holdout_test,42,0.8235294117647058,4.051156520843506,1.0,2,1.0,True,0.0,1.2235968873581565e-57,1.0
Bearing1_5,holdout_test,43,0.8431372549019608,4.6873779296875,1.0,2,1.0,True,0.0,3.8303834815686164e-86,1.0
Bearing1_5,holdout_test,44,0.8627450980392157,5.227301597595215,1.0,2,1.0,True,0.0,1.4431758440273567e-114,1.0
Bearing1_5,holdout_test,45,0.8823529411764706,5.704980850219727,1.0,2,1.0,True,0.0,1.2072966918178631e-142,1.0
Bearing1_5,holdout_test,46,0.9019607843137255,6.095523357391357,1.0,2,1.0,True,0.0,2.63652188511866e-170,1.0
Bearing1_5,holdout_test,47,0.9215686274509803,6.426583290100098,1.0,2,1.0,True,0.0,6.499178115330466e-198,1.0
Bearing1_5,holdout_test,48,0.9411764705882353,6.730257987976074,1.0,2,1.0,True,0.0,1.731167671789617e-225,1.0
Bearing1_5,holdout_test,49,0.9607843137254902,6.919267177581787,1.0,2,1.0,True,0.0,1.4017289417188819e-252,1.0
Bearing1_5,holdout_test,50,0.9803921568627451,7.054939270019531,1.0,2,1.0,True,0.0,1.0715728419378817e-277,1.0
Bearing1_5,holdout_test,51,1.0,7.141772270202637,1.0,2,1.0,True,0.0,7.830253338902255e-301,1.0
