bearing_id,split,step_id,normalized_lifetime,euclidean_level,signed_axis_level
Bearing1_1,training,0,0.0,,
Bearing1_1,training,1,0.0081967213114754,,
Bearing1_1,training,2,0.0163934426229508,,
Bearing1_1,training,3,0.0245901639344262,,
Bearing1_1,training,4,0.0327868852459016,,
Bearing1_1,training,5,0.040983606557377,,
Bearing1_1,training,6,0.0491803278688524,,
Bearing1_1,training,7,0.0573770491803278,,
Bearing1_1,training,8,0.0655737704918032,,
Bearing1_1,training,9,0.0737704918032786,,
Bearing1_1,training,10,0.081967213114754,,
Bearing1_1,training,11,0.0901639344262295,,
Bearing1_1,training,12,0.0983606557377049,,
Bearing1_1,training,13,0.1065573770491803,,
Bearing1_1,training,14,0.1147540983606557,,
Bearing1_1,training,15,0.1229508196721311,1.5807109914885569,1.5771626924900781
Bearing1_1,training,16,0.1311475409836065,1.657758536872634,1.653216043135669
Bearing1_1,training,17,0.1393442622950819,1.772454208561114,1.7678483903417408
Bearing1_1,training,18,0.1475409836065573,1.7913551630793894,1.7868475399582187
Bearing1_1,training,19,0.1557377049180328,1.824161548366672,1.8198667919726517
Bearing1_1,training,20,0.1639344262295081,1.8423191593401098,1.8380289645271428
Bearing1_1,training,21,0.1721311475409836,1.9324585248279325,1.9281317537629818
Bearing1_1,training,22,0.180327868852459,1.904271209939744,1.8997839455196177
Bearing1_1,training,23,0.1885245901639344,1.9554916964337288,1.9509522789249851
Bearing1_1,training,24,0.1967213114754098,2.016653734599612,2.011855275386737
Bearing1_1,training,25,0.2049180327868852,2.086161275020045,2.081156092773008
Bearing1_1,training,26,0.2131147540983606,2.1498564459751828,2.144755551881841
Bearing1_1,training,27,0.221311475409836,2.2521233583425766,2.246979086758862
Bearing1_1,training,28,0.2295081967213114,2.3072563474858083,2.3020686850328635
Bearing1_1,training,29,0.2377049180327868,2.383502273760333,2.3779227188066483
Bearing1_1,training,30,0.2459016393442623,2.489135148029536,2.483204586388878
Bearing1_1,training,31,0.2540983606557377,2.523056362694107,2.5167672652083355
Bearing1_1,training,32,0.2622950819672131,2.598602821254717,2.5920348875302297
Bearing1_1,training,33,0.2704918032786885,2.6306860800195637,2.6239212272007326
Bearing1_1,training,34,0.2786885245901639,2.7109631821045825,2.7043485133275453
Bearing1_1,training,35,0.2868852459016393,2.8251650470892646,2.8184237803545353
Bearing1_1,training,36,0.2950819672131147,2.842375710795455,2.8355980336027597
Bearing1_1,training,37,0.3032786885245901,2.873123816111016,2.866107539383085
Bearing1_1,training,38,0.3114754098360656,2.910956859867255,2.9037353284083487
Bearing1_1,training,39,0.319672131147541,2.9132375219534277,2.9058565242298937
Bearing1_1,training,40,0.3278688524590163,2.988157304191554,2.980925807794227
Bearing1_1,training,41,0.3360655737704918,2.9929462472661545,2.985963203573813
Bearing1_1,training,42,0.3442622950819672,3.006256649032569,2.999305032753994
Bearing1_1,training,43,0.3524590163934426,2.972400011219933,2.965261690556111
Bearing1_1,training,44,0.360655737704918,2.9836360408767084,2.97637272687649
Bearing1_1,training,45,0.3688524590163934,2.910101935265083,2.9026026301951005
Bearing1_1,training,46,0.3770491803278688,3.0085622627855226,3.001042017057793
Bearing1_1,training,47,0.3852459016393442,2.985431562467461,2.9778699871181207
Bearing1_1,training,48,0.3934426229508196,2.9572167408924743,2.9495414419648402
Bearing1_1,training,49,0.4016393442622951,2.942251153161471,2.934647084211201
Bearing1_1,training,50,0.4098360655737705,2.871914291641225,2.864202483426351
Bearing1_1,training,51,0.4180327868852459,2.8390071513186803,2.8305449926374395
Bearing1_1,training,52,0.4262295081967213,2.860723726271149,2.8521074811219673
Bearing1_1,training,53,0.4344262295081967,2.9185796124282932,2.910233090996938
Bearing1_1,training,54,0.4426229508196721,2.838043770712781,2.8297871533096894
Bearing1_1,training,55,0.4508196721311475,2.8651577110382496,2.857217139909834
Bearing1_1,training,56,0.4590163934426229,2.8303838621096924,2.8222455558922843
Bearing1_1,training,57,0.4672131147540984,2.7911405546814745,2.782979848194933
Bearing1_1,training,58,0.4754098360655737,2.831521063138036,2.8232042163824045
Bearing1_1,training,59,0.4836065573770491,2.8610920392615524,2.852616737826929
Bearing1_1,training,60,0.4918032786885246,2.837873340969133,2.8290467743255854
Bearing1_1,training,61,0.5,2.8901111388496323,2.8819567580125325
Bearing1_1,training,62,0.5081967213114754,2.860776563479516,2.8525066575691804
Bearing1_1,training,63,0.5163934426229508,2.8222630101116084,2.8137829707094157
Bearing1_1,training,64,0.5245901639344263,2.892199558226239,2.8835927591505763
Bearing1_1,training,65,0.5327868852459017,2.9052621204157503,2.8966672529627138
Bearing1_1,training,66,0.5409836065573771,2.936125798327747,2.927724957426331
Bearing1_1,training,67,0.5491803278688525,2.996644697555733,2.9884207459222116
Bearing1_1,training,68,0.5573770491803278,3.0515329987520845,3.043384346088442
Bearing1_1,training,69,0.5655737704918032,3.131085832604185,3.123155968898741
Bearing1_1,training,70,0.5737704918032787,3.2682322640218517,3.2606322420118135
Bearing1_1,training,71,0.5819672131147541,3.4203432699028555,3.4125194458466206
Bearing1_1,training,72,0.5901639344262295,3.656547019978519,3.648804662120746
Bearing1_1,training,73,0.5983606557377049,3.917621980219503,3.909868871799758
Bearing1_1,training,74,0.6065573770491803,4.14128469817076,4.133432364684348
Bearing1_1,training,75,0.6147540983606558,4.470841671018336,4.462917746171565
Bearing1_1,training,76,0.6229508196721312,4.734234834380542,4.726520068011576
Bearing1_1,training,77,0.6311475409836066,5.116789631370479,5.109369043239092
Bearing1_1,training,78,0.639344262295082,5.7148412333573955,5.7082386533958225
Bearing1_1,training,79,0.6475409836065574,6.293141793304984,6.287253242630256
Bearing1_1,training,80,0.6557377049180327,6.830620585428795,6.825428372068427
Bearing1_1,training,81,0.6639344262295082,7.326503489657002,7.3221226957829
Bearing1_1,training,82,0.6721311475409836,7.793317735936815,7.789883787252168
Bearing1_1,training,83,0.680327868852459,8.245184880876415,8.242512111639192
Bearing1_1,training,84,0.6885245901639344,8.65202125076797,8.650101568662265
Bearing1_1,training,85,0.6967213114754098,8.983538999399661,8.982230759878824
Bearing1_1,training,86,0.7049180327868853,9.340926825155504,9.340054243684005
Bearing1_1,training,87,0.7131147540983607,9.600300110500203,9.59970130951196
Bearing1_1,training,88,0.7213114754098361,9.630768452918195,9.630153998863715
Bearing1_1,training,89,0.7295081967213115,9.660892425071065,9.660247956779962
Bearing1_1,training,90,0.7377049180327869,9.684713857972687,9.684058148819783
Bearing1_1,training,91,0.7459016393442623,9.707818522442173,9.707154433852647
Bearing1_1,training,92,0.7540983606557377,9.734451532134374,9.733749894974647
Bearing1_1,training,93,0.7622950819672131,9.750935105722624,9.750214853069709
Bearing1_1,training,94,0.7704918032786885,9.766924150266894,9.766181650399485
Bearing1_1,training,95,0.7786885245901639,9.782545933267727,9.781776850517144
Bearing1_1,training,96,0.7868852459016393,9.799245778668338,9.79843090059665
Bearing1_1,training,97,0.7950819672131147,9.816033111907718,9.815192218273406
Bearing1_1,training,98,0.8032786885245902,9.830092891890205,9.829206146079887
Bearing1_1,training,99,0.8114754098360656,9.842701936596978,9.84179452628212
Bearing1_1,training,100,0.819672131147541,9.852790454977285,9.851844373375906
Bearing1_1,training,101,0.8278688524590164,9.86650871728913,9.865514625817216
Bearing1_1,training,102,0.8360655737704918,9.876222315977028,9.875193590256554
Bearing1_1,training,103,0.8442622950819673,9.885843880767839,9.884783924272758
Bearing1_1,training,104,0.8524590163934426,9.894557076350546,9.89346105292311
Bearing1_1,training,105,0.860655737704918,9.902055735050718,9.900930381229271
Bearing1_1,training,106,0.8688524590163934,9.906931420108242,9.905810979772024
Bearing1_1,training,107,0.8770491803278688,9.911271739522054,9.910121173826228
Bearing1_1,training,108,0.8852459016393442,9.91634628528752,9.915169355914642
Bearing1_1,training,109,0.8934426229508197,9.922260520930198,9.921054002713571
Bearing1_1,training,110,0.9016393442622952,9.92956795158471,9.928326337693244
Bearing1_1,training,111,0.9098360655737704,9.93623161253969,9.934944065635246
Bearing1_1,training,112,0.918032786885246,9.942983479408287,9.941668318445188
Bearing1_1,training,113,0.9262295081967212,9.949145433247114,9.947746433606284
Bearing1_1,training,114,0.9344262295081968,9.95766262475497,9.956217022446122
Bearing1_1,training,115,0.9426229508196722,9.966323080373884,9.964787197658808
Bearing1_1,training,116,0.9508196721311476,9.97648599775916,9.974834966937768
Bearing1_1,training,117,0.9590163934426228,9.981118701187814,9.979425988058328
Bearing1_1,training,118,0.9672131147540984,9.990734798375016,9.988983096467496
Bearing1_1,training,119,0.9754098360655736,9.998409256059738,9.996572434111929
Bearing1_1,training,120,0.9836065573770492,10.007654920211447,10.00573695687115
Bearing1_1,training,121,0.9918032786885246,10.0218261915724,10.019788556385087
Bearing1_1,training,122,1.0,10.055890063892459,10.053429445164207
Bearing1_2,training,0,0.0,,
Bearing1_2,training,1,0.00625,,
Bearing1_2,training,2,0.0125,,
Bearing1_2,training,3,0.01875,,
Bearing1_2,training,4,0.025,,
Bearing1_2,training,5,0.03125,,
Bearing1_2,training,6,0.0375,,
Bearing1_2,training,7,0.04375,,
Bearing1_2,training,8,0.05,,
Bearing1_2,training,9,0.05625,,
Bearing1_2,training,10,0.0625,,
Bearing1_2,training,11,0.06875,,
Bearing1_2,training,12,0.075,,
Bearing1_2,training,13,0.08125,,
Bearing1_2,training,14,0.0875,,
Bearing1_2,training,15,0.09375,0.28526146157647175,-0.2832255199425999
Bearing1_2,training,16,0.1,0.3386372128988637,-0.3371265261912549
Bearing1_2,training,17,0.10625,0.33699186728776215,-0.3340961855779409
Bearing1_2,training,18,0.1125,0.3128265353902905,-0.3105640584886146
Bearing1_2,training,19,0.11875,0.3070718786242965,-0.3043554467420175
Bearing1_2,training,20,0.125,0.3245510438852231,-0.32207830491268985
Bearing1_2,training,21,0.13125,0.373697851999801,-0.37140040299370497
Bearing1_2,training,22,0.1375,0.3691544969448839,-0.3668335076605498
Bearing1_2,training,23,0.14375,0.34606561449839596,-0.34371259897996315
Bearing1_2,training,24,0.15,0.31720350759577165,-0.3139518453255662
Bearing1_2,training,25,0.15625,0.30887082917972003,-0.3056880486450411
Bearing1_2,training,26,0.1625,0.27766386036659746,-0.2588296850071592
Bearing1_2,training,27,0.16875,0.25814177898130614,-0.23908263159379878
Bearing1_2,training,28,0.175,0.25355656979179286,-0.23419989994769544
Bearing1_2,training,29,0.18125,0.2451076868435324,-0.22606595996637782
Bearing1_2,training,30,0.1875,0.20635986268603285,-0.18605679322679056
Bearing1_2,training,31,0.19375,0.2280120185640364,-0.20767453748147213
Bearing1_2,training,32,0.2,0.29939564607463304,-0.27922766812267896
Bearing1_2,training,33,0.20625,0.33920333581644924,-0.3188889093409345
Bearing1_2,training,34,0.2125,0.3577061205425674,-0.33791640475060053
Bearing1_2,training,35,0.21875,0.3594352657929099,-0.33922845633888665
Bearing1_2,training,36,0.225,0.3905980500963053,-0.3085804039466192
Bearing1_2,training,37,0.23125,0.4825731426032071,-0.19013392142942456
Bearing1_2,training,38,0.2375,0.6446974996621667,0.010145927921500486
Bearing1_2,training,39,0.24375,0.79473913121792,0.19962817009842354
Bearing1_2,training,40,0.25,1.0049968867808752,0.41312045849262924
Bearing1_2,training,41,0.25625,1.0200812922850315,0.6047988979696751
Bearing1_2,training,42,0.2625,1.0770393643468972,0.8716582511719266
Bearing1_2,training,43,0.26875,1.2806894580473922,1.186220651253734
Bearing1_2,training,44,0.275,1.4274730045357666,1.3806241328448965
Bearing1_2,training,45,0.28125,1.8285573720976085,1.8241807443296403
Bearing1_2,training,46,0.2875,2.273976500548567,2.269311369295596
Bearing1_2,training,47,0.29375,2.604599061647311,2.599726901922793
Bearing1_2,training,48,0.3,2.6837682036435466,2.678981415716117
Bearing1_2,training,49,0.30625,2.9025197562883713,2.897578788821982
Bearing1_2,training,50,0.3125,3.219403984836222,3.214084847513841
Bearing1_2,training,51,0.31875,3.6053994481616614,3.5997498502973975
Bearing1_2,training,52,0.325,4.018645107944701,4.012546113091071
Bearing1_2,training,53,0.33125,4.352823479129102,4.346735269600982
Bearing1_2,training,54,0.3375,4.726383968636386,4.719924292423931
Bearing1_2,training,55,0.34375,4.978217904544433,4.971907565050725
Bearing1_2,training,56,0.35,5.1493393782682695,5.143706468283218
Bearing1_2,training,57,0.35625,5.44976362364434,5.444546364086931
Bearing1_2,training,58,0.3625,5.974963999539361,5.969819201256838
Bearing1_2,training,59,0.36875,6.366019366949111,6.361172923381156
Bearing1_2,training,60,0.375,6.6619426508481965,6.6574671452203305
Bearing1_2,training,61,0.38125,6.992440706577206,6.98826183941063
Bearing1_2,training,62,0.3875,7.4578005295086,7.454238989563086
Bearing1_2,training,63,0.39375,7.9824375644710575,7.979378102622024
Bearing1_2,training,64,0.4,8.57821239808309,8.575748124858544
Bearing1_2,training,65,0.40625,9.006578706159013,9.004735680002335
Bearing1_2,training,66,0.4125,9.50512838504932,9.503624609717951
Bearing1_2,training,67,0.41875,9.911886921154423,9.91056040612155
Bearing1_2,training,68,0.425,10.257289501344918,10.256161840130686
Bearing1_2,training,69,0.43125,10.588205219524216,10.587230283503754
Bearing1_2,training,70,0.4375,10.897322688786804,10.896582379077119
Bearing1_2,training,71,0.44375,11.17608218471487,11.175605974075124
Bearing1_2,training,72,0.45,11.264794745682915,11.264328362031671
Bearing1_2,training,73,0.45625,11.276508984277978,11.276024262797161
Bearing1_2,training,74,0.4625,11.283068734619246,11.282568291036979
Bearing1_2,training,75,0.46875,11.310616203761796,11.310078343343895
Bearing1_2,training,76,0.475,11.290843109779178,11.290239659188412
Bearing1_2,training,77,0.48125,11.28136878832665,11.280726367597808
Bearing1_2,training,78,0.4875,11.30344874392792,11.302781070201306
Bearing1_2,training,79,0.49375,11.335152097735271,11.334441223020448
Bearing1_2,training,80,0.5,11.369217561805545,11.368494511600451
Bearing1_2,training,81,0.50625,11.440158638817316,11.439428015143896
Bearing1_2,training,82,0.5125,11.462970840344267,11.462250285989379
Bearing1_2,training,83,0.51875,11.49114423822249,11.4904324724212
Bearing1_2,training,84,0.525,11.516018795571156,11.51531489752745
Bearing1_2,training,85,0.53125,11.540294839834761,11.539598519729273
Bearing1_2,training,86,0.5375,11.571761283952878,11.571101631441115
Bearing1_2,training,87,0.54375,11.600400504575186,11.59976504599167
Bearing1_2,training,88,0.55,11.59913479980866,11.59852073169041
Bearing1_2,training,89,0.55625,11.621830209723024,11.621256859095764
Bearing1_2,training,90,0.5625,11.61958545222645,11.619015774169242
Bearing1_2,training,91,0.56875,11.624458348021873,11.623897060979509
Bearing1_2,training,92,0.575,11.645147165361065,11.644611599945916
Bearing1_2,training,93,0.58125,11.668278122572895,11.667770296182649
Bearing1_2,training,94,0.5875,11.676807240660473,11.676314460713664
Bearing1_2,training,95,0.59375,11.703382520242695,11.7029396380288
Bearing1_2,training,96,0.6,11.71626336909468,11.715843694939906
Bearing1_2,training,97,0.60625,11.732496844068185,11.732110442865189
Bearing1_2,training,98,0.6125,11.760726977281857,11.760361772880476
Bearing1_2,training,99,0.61875,11.77572272027597,11.775374047217323
Bearing1_2,training,100,0.625,11.79113474187486,11.79081227948392
Bearing1_2,training,101,0.63125,11.802267629133295,11.801957285918967
Bearing1_2,training,102,0.6375,11.818540805995617,11.818253744613685
Bearing1_2,training,103,0.64375,11.827545118804347,11.827276525269772
Bearing1_2,training,104,0.65,11.837911675268753,11.837663666885096
Bearing1_2,training,105,0.65625,11.843536589833471,11.843299205849709
Bearing1_2,training,106,0.6625,11.853008344144524,11.852783704345724
Bearing1_2,training,107,0.66875,11.86316522553915,11.862956379171445
Bearing1_2,training,108,0.675,11.872108848871417,11.871916204456118
Bearing1_2,training,109,0.68125,11.880435387596211,11.880249287150818
Bearing1_2,training,110,0.6875,11.887042903873738,11.886868190414646
Bearing1_2,training,111,0.69375,11.887322045228242,11.887154452993835
Bearing1_2,training,112,0.7,11.884328358447274,11.884160338578072
Bearing1_2,training,113,0.70625,11.877644709317265,11.877475053216267
Bearing1_2,training,114,0.7125,11.870766985438461,11.87059236054828
Bearing1_2,training,115,0.71875,11.869572173093044,11.869395417760073
Bearing1_2,training,116,0.725,11.867444121797012,11.867267848220372
Bearing1_2,training,117,0.73125,11.86499372338102,11.864814668868856
Bearing1_2,training,118,0.7375,11.861858863963375,11.861683298235734
Bearing1_2,training,119,0.74375,11.861706543068978,11.861535362117667
Bearing1_2,training,120,0.75,11.860670280898875,11.860500537497304
Bearing1_2,training,121,0.75625,11.86475154224929,11.864585329580525
Bearing1_2,training,122,0.7625,11.869240623323247,11.86907864619632
Bearing1_2,training,123,0.76875,11.878316675720821,11.878162959329405
Bearing1_2,training,124,0.775,11.887904449183356,11.887757313359243
Bearing1_2,training,125,0.78125,11.897149315359382,11.897001797935783
Bearing1_2,training,126,0.7875,11.905263941877362,11.905120902433113
Bearing1_2,training,127,0.79375,11.913225202117264,11.913083784506139
Bearing1_2,training,128,0.8,11.923461047750484,11.92332141558033
Bearing1_2,training,129,0.80625,11.93261481981435,11.93247512522684
Bearing1_2,training,130,0.8125,11.944245305260175,11.944106190530587
Bearing1_2,training,131,0.81875,11.953592657962314,11.95345110605703
Bearing1_2,training,132,0.825,11.962819659323621,11.962678990298738
Bearing1_2,training,133,0.83125,11.971801090536738,11.971653078815617
Bearing1_2,training,134,0.8375,11.978129373402993,11.977974328865443
Bearing1_2,training,135,0.84375,11.984493997513606,11.984343538635283
Bearing1_2,training,136,0.85,11.993343721519523,11.993184848586623
Bearing1_2,training,137,0.85625,12.000684342403723,12.000525489253564
Bearing1_2,training,138,0.8625,12.006479398729038,12.006309772417987
Bearing1_2,training,139,0.86875,12.01022827000619,12.01005262303949
Bearing1_2,training,140,0.875,12.01157373929302,12.011396973715696
Bearing1_2,training,141,0.88125,12.011934906078942,12.011757666114589
Bearing1_2,training,142,0.8875,12.012173235942438,12.011998717770794
Bearing1_2,training,143,0.89375,12.00897688910506,12.008808448918645
Bearing1_2,training,144,0.9,12.008056228955748,12.007895047092129
Bearing1_2,training,145,0.90625,12.007669699625586,12.007513346899971
Bearing1_2,training,146,0.9125,12.011397444201236,12.011246581605509
Bearing1_2,training,147,0.91875,12.018238972609607,12.018083006898825
Bearing1_2,training,148,0.925,12.02617828895693,12.026019390968202
Bearing1_2,training,149,0.93125,12.03605875238388,12.035889573222633
Bearing1_2,training,150,0.9375,12.048206730218443,12.048016502567341
Bearing1_2,training,151,0.94375,12.062789584324396,12.062569510463819
Bearing1_2,training,152,0.95,12.077611821561963,12.077363135053671
Bearing1_2,training,153,0.95625,12.094331775226465,12.0940485244956
Bearing1_2,training,154,0.9625,12.11127233850757,12.110940057550685
Bearing1_2,training,155,0.96875,12.128434911391276,12.128051303908608
Bearing1_2,training,156,0.975,12.13982337966915,12.139395371896665
Bearing1_2,training,157,0.98125,12.15011100853622,12.149629656159652
Bearing1_2,training,158,0.9875,12.162088434134782,12.161548915005163
Bearing1_2,training,159,0.99375,12.174339701735729,12.173738496294257
Bearing1_2,training,160,1.0,12.196333013548552,12.195612658322329
Bearing1_3,training,0,0.0,,
Bearing1_3,training,1,0.0063694267515923,,
Bearing1_3,training,2,0.0127388535031847,,
Bearing1_3,training,3,0.019108280254777,,
Bearing1_3,training,4,0.0254777070063694,,
Bearing1_3,training,5,0.0318471337579617,,
Bearing1_3,training,6,0.0382165605095541,,
Bearing1_3,training,7,0.0445859872611464,,
Bearing1_3,training,8,0.0509554140127388,,
Bearing1_3,training,9,0.0573248407643312,,
Bearing1_3,training,10,0.0636942675159235,,
Bearing1_3,training,11,0.0700636942675159,,
Bearing1_3,training,12,0.0764331210191082,,
Bearing1_3,training,13,0.0828025477707006,,
Bearing1_3,training,14,0.0891719745222929,,
Bearing1_3,training,15,0.0955414012738853,0.09610593571476894,0.09102888818258675
Bearing1_3,training,16,0.1019108280254777,0.09795157350049752,0.09306286704724864
Bearing1_3,training,17,0.10828025477707,0.11188556090500217,0.10755370956312649
Bearing1_3,training,18,0.1146496815286624,0.19195204863970178,0.1879962205686541
Bearing1_3,training,19,0.1210191082802547,0.2496413488520727,0.2454838980187462
Bearing1_3,training,20,0.1273885350318471,0.297623155850197,0.2933229865062341
Bearing1_3,training,21,0.1337579617834395,0.3233437919884841,0.31896598357992356
Bearing1_3,training,22,0.1401273885350318,0.36300367307740045,0.35849395850692134
Bearing1_3,training,23,0.1464968152866242,0.39680682108567367,0.3922614382234438
Bearing1_3,training,24,0.1528662420382165,0.4059681984557385,0.4011629492232875
Bearing1_3,training,25,0.1592356687898089,0.44603412662285213,0.441349842462753
Bearing1_3,training,26,0.1656050955414012,0.48278869706524363,0.4777749232065475
Bearing1_3,training,27,0.1719745222929936,0.5246332851884385,0.5192374632158017
Bearing1_3,training,28,0.1783439490445859,0.5325088731874945,0.5265800912631998
Bearing1_3,training,29,0.1847133757961783,0.5418086636394489,0.5352302859850148
Bearing1_3,training,30,0.1910828025477707,0.5311186445137461,0.5241084346127411
Bearing1_3,training,31,0.197452229299363,0.5400960509684681,0.5325989229235584
Bearing1_3,training,32,0.2038216560509554,0.5241339480291133,0.5166270799567348
Bearing1_3,training,33,0.2101910828025477,0.4948605262833078,0.4863869555257086
Bearing1_3,training,34,0.2165605095541401,0.481952832564427,0.47301480316964534
Bearing1_3,training,35,0.2229299363057325,0.4731990257335089,0.463442869108594
Bearing1_3,training,36,0.2292993630573248,0.47004294608977604,0.45978274074321196
Bearing1_3,training,37,0.2356687898089172,0.4367791286190945,0.42487567443501933
Bearing1_3,training,38,0.2420382165605095,0.40674981952792943,0.3928482141186235
Bearing1_3,training,39,0.2484076433121019,0.3634348529074435,0.34669131607550224
Bearing1_3,training,40,0.2547770700636942,0.34194047744853473,0.32370231648469106
Bearing1_3,training,41,0.2611464968152866,0.316012840203892,0.29750452204087824
Bearing1_3,training,42,0.267515923566879,0.29687857252770167,0.2767206618462734
Bearing1_3,training,43,0.2738853503184713,0.27328997495980323,0.2490636755588193
Bearing1_3,training,44,0.2802547770700637,0.26569933094704834,0.2401230314755237
Bearing1_3,training,45,0.286624203821656,0.24532666291629526,0.2180307475311401
Bearing1_3,training,46,0.2929936305732484,0.22126684573195562,0.19330482018751843
Bearing1_3,training,47,0.2993630573248407,0.2259220949510982,0.19749611343301604
Bearing1_3,training,48,0.3057324840764331,0.23301643110189244,0.20569070079991253
Bearing1_3,training,49,0.3121019108280254,0.26406360550516694,0.2397967228853978
Bearing1_3,training,50,0.3184713375796178,0.2683931101322598,0.2440262889087343
Bearing1_3,training,51,0.3248407643312102,0.26070974930886054,0.2351673417425864
Bearing1_3,training,52,0.3312101910828025,0.24094653070609012,0.2121964915806021
Bearing1_3,training,53,0.3375796178343949,0.23981133493439097,0.21119270295369094
Bearing1_3,training,54,0.3439490445859872,0.22433576188277468,0.19225820677737035
Bearing1_3,training,55,0.3503184713375796,0.2216424891474023,0.18733119567028597
Bearing1_3,training,56,0.3566878980891719,0.21273684794543204,0.16975264523926298
Bearing1_3,training,57,0.3630573248407643,0.20010152038465226,0.1560332036399255
Bearing1_3,training,58,0.3694267515923566,0.22826602187933237,0.18517401037814799
Bearing1_3,training,59,0.375796178343949,0.26141436688904063,0.21862014099072766
Bearing1_3,training,60,0.3821656050955414,0.3396877484277705,0.29865091434239494
Bearing1_3,training,61,0.3885350318471338,0.39857920538893693,0.35901373549116994
Bearing1_3,training,62,0.3949044585987261,0.4921538029101008,0.4571040880585905
Bearing1_3,training,63,0.4012738853503185,0.582755381742769,0.5520801816906709
Bearing1_3,training,64,0.4076433121019108,0.6578611620206423,0.631791480114084
Bearing1_3,training,65,0.4140127388535032,0.7243268247387314,0.7025158376109965
Bearing1_3,training,66,0.4203821656050955,0.828967078554059,0.8167785509462726
Bearing1_3,training,67,0.4267515923566879,0.9335962666311968,0.9243016675147466
Bearing1_3,training,68,0.4331210191082802,0.9984180209405267,0.9885644579842774
Bearing1_3,training,69,0.4394904458598726,1.0431952327013483,1.0331858478940528
Bearing1_3,training,70,0.445859872611465,1.0598777092013096,1.0497927973757526
Bearing1_3,training,71,0.4522292993630573,1.140208972282561,1.130443530316532
Bearing1_3,training,72,0.4585987261146497,1.2273310931798624,1.2179078020689786
Bearing1_3,training,73,0.464968152866242,1.3009507035196106,1.2920508212416173
Bearing1_3,training,74,0.4713375796178344,1.408995383227894,1.4010440336361307
Bearing1_3,training,75,0.4777070063694267,1.52566410370655,1.5183043821849205
Bearing1_3,training,76,0.4840764331210191,1.6214338684974798,1.6147028190347967
Bearing1_3,training,77,0.4904458598726114,1.7220560749736364,1.7160092158913216
Bearing1_3,training,78,0.4968152866242038,1.832454353799152,1.8273974913555489
Bearing1_3,training,79,0.5031847133757962,1.9202081330285234,1.915597691836868
Bearing1_3,training,80,0.5095541401273885,2.035616333051505,2.0316222053451853
Bearing1_3,training,81,0.5159235668789809,2.1019310148441432,2.0982383879236353
Bearing1_3,training,82,0.5222929936305732,2.1585476285601515,2.1551771801632116
Bearing1_3,training,83,0.5286624203821656,2.2383196025370866,2.2352262606214572
Bearing1_3,training,84,0.535031847133758,2.2945204627867293,2.2916560074488266
Bearing1_3,training,85,0.5414012738853503,2.3490290526297715,2.346243242936737
Bearing1_3,training,86,0.5477707006369427,2.369248238877277,2.3666969834157614
Bearing1_3,training,87,0.554140127388535,2.4143004888429163,2.4118084629073535
Bearing1_3,training,88,0.5605095541401274,2.46846109813117,2.4659885689721324
Bearing1_3,training,89,0.5668789808917197,2.5388188470736637,2.536470533169226
Bearing1_3,training,90,0.5732484076433121,2.58641317436363,2.584069148587045
Bearing1_3,training,91,0.5796178343949044,2.7466760330807767,2.7446154130589138
Bearing1_3,training,92,0.5859872611464968,2.876234074607953,2.8743623851849898
Bearing1_3,training,93,0.5923566878980892,3.0356687754350733,3.0339561395800976
Bearing1_3,training,94,0.5987261146496815,3.1986836564894796,3.1971047671054116
Bearing1_3,training,95,0.6050955414012739,3.3865132207128434,3.385117184177775
Bearing1_3,training,96,0.6114649681528662,3.583500841981312,3.5822004744877454
Bearing1_3,training,97,0.6178343949044586,3.7368850367722244,3.7357796749839913
Bearing1_3,training,98,0.6242038216560509,3.903785713583337,3.902910256554646
Bearing1_3,training,99,0.6305732484076433,4.075683006237597,4.074961409652987
Bearing1_3,training,100,0.6369426751592356,4.2583832626254905,4.257852550280268
Bearing1_3,training,101,0.643312101910828,4.347109660136717,4.34656454353011
Bearing1_3,training,102,0.6496815286624203,4.4767202211149435,4.476185626327019
Bearing1_3,training,103,0.6560509554140127,4.564896961578894,4.56434847459915
Bearing1_3,training,104,0.6624203821656051,4.667638127635472,4.667088810137509
Bearing1_3,training,105,0.6687898089171974,4.758770381243305,4.75820042147076
Bearing1_3,training,106,0.6751592356687898,4.8768581835179745,4.876298872428768
Bearing1_3,training,107,0.6815286624203821,5.038309722785241,5.037744627590216
Bearing1_3,training,108,0.6878980891719745,5.149864746979466,5.149321535597306
Bearing1_3,training,109,0.6942675159235668,5.28739420087542,5.286854044949041
Bearing1_3,training,110,0.7006369426751592,5.427834585735126,5.427280859894444
Bearing1_3,training,111,0.7070063694267515,5.514519323716245,5.513955525128849
Bearing1_3,training,112,0.7133757961783439,5.613099592085236,5.61250490858793
Bearing1_3,training,113,0.7197452229299363,5.729248429790655,5.728682012330634
Bearing1_3,training,114,0.7261146496815286,5.810098909994585,5.809522829274639
Bearing1_3,training,115,0.732484076433121,5.866754445685972,5.866162003811686
Bearing1_3,training,116,0.7388535031847133,5.954381496868167,5.953787418992541
Bearing1_3,training,117,0.7452229299363057,5.999568162273021,5.998946860888874
Bearing1_3,training,118,0.7515923566878981,6.0780416887251025,6.077378377468792
Bearing1_3,training,119,0.7579617834394905,6.156569751433684,6.155893993026026
Bearing1_3,training,120,0.7643312101910829,6.232929133156198,6.232211416350739
Bearing1_3,training,121,0.7707006369426752,6.352209784594824,6.351469789387838
Bearing1_3,training,122,0.7770700636942676,6.472908246112569,6.47214697537675
Bearing1_3,training,123,0.7834394904458599,6.619653157206294,6.618867814097402
Bearing1_3,training,124,0.7898089171974523,6.802630683764536,6.801857033908872
Bearing1_3,training,125,0.7961783439490446,6.963197225193566,6.9624419726097315
Bearing1_3,training,126,0.802547770700637,7.124615060540888,7.123869511695057
Bearing1_3,training,127,0.8089171974522293,7.304739213548411,7.304023898029969
Bearing1_3,training,128,0.8152866242038217,7.544287319192004,7.543612460153552
Bearing1_3,training,129,0.821656050955414,7.788665693585979,7.788023394394955
Bearing1_3,training,130,0.8280254777070064,7.984171295626728,7.983560715701742
Bearing1_3,training,131,0.8343949044585988,8.312651210779228,8.312060397478279
Bearing1_3,training,132,0.8407643312101911,8.62797676157088,8.627430792514554
Bearing1_3,training,133,0.8471337579617835,8.949366229255308,8.94883799164424
Bearing1_3,training,134,0.8535031847133758,9.263169035294547,9.262665299166692
Bearing1_3,training,135,0.8598726114649682,9.609503205181431,9.609021670498311
Bearing1_3,training,136,0.8662420382165605,9.929050747293733,9.928563477600589
Bearing1_3,training,137,0.8726114649681529,10.243814255367173,10.243350921250755
Bearing1_3,training,138,0.8789808917197452,10.488105002605266,10.487628410058807
Bearing1_3,training,139,0.8853503184713376,10.69282212548497,10.692344383602371
Bearing1_3,training,140,0.89171974522293,10.93788593315356,10.937417542513892
Bearing1_3,training,141,0.8980891719745223,11.052924552117126,11.052474795842844
Bearing1_3,training,142,0.9044585987261148,11.14326945629561,11.142806954745119
Bearing1_3,training,143,0.910828025477707,11.189434562287127,11.188960675226543
Bearing1_3,training,144,0.9171974522292994,11.227782639717717,11.22729156149627
Bearing1_3,training,145,0.9235668789808916,11.289405692029012,11.28889070782412
Bearing1_3,training,146,0.929936305732484,11.326177170832548,11.325636954039176
Bearing1_3,training,147,0.9363057324840764,11.35449977752894,11.35393932092316
Bearing1_3,training,148,0.9426751592356688,11.384079342475951,11.38351220934071
Bearing1_3,training,149,0.9490445859872612,11.455969791548904,11.455273050572028
Bearing1_3,training,150,0.9554140127388536,11.526415258707786,11.525538209374394
Bearing1_3,training,151,0.961783439490446,11.595991113578277,11.594918131930559
Bearing1_3,training,152,0.9681528662420382,11.667482337247584,11.666164158121124
Bearing1_3,training,153,0.9745222929936306,11.730869357744554,11.729352656987846
Bearing1_3,training,154,0.9808917197452228,11.797297608367659,11.795540633089562
Bearing1_3,training,155,0.9872611464968152,11.838258123811169,11.8362462046118
Bearing1_3,training,156,0.9936305732484076,11.889075246563404,11.88680445012365
Bearing1_3,training,157,1.0,11.943403031130675,11.940855672216411
Bearing1_4,evaluation,0,0.0,,
Bearing1_4,evaluation,1,0.0082644628099173,,
Bearing1_4,evaluation,2,0.0165289256198347,,
Bearing1_4,evaluation,3,0.024793388429752,,
Bearing1_4,evaluation,4,0.0330578512396694,,
Bearing1_4,evaluation,5,0.0413223140495867,,
Bearing1_4,evaluation,6,0.0495867768595041,,
Bearing1_4,evaluation,7,0.0578512396694214,,
Bearing1_4,evaluation,8,0.0661157024793388,,
Bearing1_4,evaluation,9,0.0743801652892562,,
Bearing1_4,evaluation,10,0.0826446280991735,,
Bearing1_4,evaluation,11,0.0909090909090909,,
Bearing1_4,evaluation,12,0.0991735537190082,,
Bearing1_4,evaluation,13,0.1074380165289256,,
Bearing1_4,evaluation,14,0.1157024793388429,,
Bearing1_4,evaluation,15,0.1239669421487603,0.7088101511919698,-0.7062892397370013
Bearing1_4,evaluation,16,0.1322314049586777,0.7214308219227801,-0.71943317689547
Bearing1_4,evaluation,17,0.140495867768595,0.7432530201058128,-0.7411512518427675
Bearing1_4,evaluation,18,0.1487603305785124,0.7358602364632532,-0.7332326731534329
Bearing1_4,evaluation,19,0.1570247933884297,0.7393045616652086,-0.736619634969217
Bearing1_4,evaluation,20,0.1652892561983471,0.7860202982434145,-0.7835975258428975
Bearing1_4,evaluation,21,0.1735537190082644,0.7796122977598371,-0.7773673746778967
Bearing1_4,evaluation,22,0.1818181818181818,0.8102057168583396,-0.808039993234225
Bearing1_4,evaluation,23,0.1900826446280991,0.8232983377574041,-0.8211478434355682
Bearing1_4,evaluation,24,0.1983471074380165,0.8375387846983383,-0.8354468087773474
Bearing1_4,evaluation,25,0.2066115702479339,0.8887462554555594,-0.8867285849918976
Bearing1_4,evaluation,26,0.2148760330578512,0.9267332057705746,-0.9247115637989806
Bearing1_4,evaluation,27,0.2231404958677686,0.9519661407521685,-0.9499807898618713
Bearing1_4,evaluation,28,0.2314049586776859,0.9738382567696856,-0.9721116781050861
Bearing1_4,evaluation,29,0.2396694214876033,0.9659398863283833,-0.9642150399485059
Bearing1_4,evaluation,30,0.2479338842975206,0.9335773755645433,-0.9316469643282972
Bearing1_4,evaluation,31,0.256198347107438,0.9147067230125348,-0.9126454284310702
Bearing1_4,evaluation,32,0.2644628099173554,0.8890457121336919,-0.8868522969597862
Bearing1_4,evaluation,33,0.2727272727272727,0.8653546197764832,-0.8630356258697397
Bearing1_4,evaluation,34,0.2809917355371901,0.832241604358483,-0.8297805909749449
Bearing1_4,evaluation,35,0.2892561983471074,0.7850994123311887,-0.782519796264657
Bearing1_4,evaluation,36,0.2975206611570248,0.7281467962374857,-0.725013024852777
Bearing1_4,evaluation,37,0.3057851239669421,0.7169773095504598,-0.7139214254989686
Bearing1_4,evaluation,38,0.3140495867768595,0.7350536283346967,-0.7317450139194044
Bearing1_4,evaluation,39,0.3223140495867768,0.7554900672233498,-0.7518885303001585
Bearing1_4,evaluation,40,0.3305785123966942,0.7737847418963396,-0.7698162732917062
Bearing1_4,evaluation,41,0.3388429752066115,0.799331890450044,-0.7947388197594545
Bearing1_4,evaluation,42,0.3471074380165289,0.7838506948648345,-0.7779019601197694
Bearing1_4,evaluation,43,0.3553719008264462,0.8042103827688439,-0.79811983472924
Bearing1_4,evaluation,44,0.3636363636363636,0.8071915342945719,-0.8006134545412454
Bearing1_4,evaluation,45,0.371900826446281,0.8089663365338392,-0.8019832133344537
Bearing1_4,evaluation,46,0.3801652892561983,0.8122193236844868,-0.805230320279249
Bearing1_4,evaluation,47,0.3884297520661157,0.7659509983290183,-0.7578972423014503
Bearing1_4,evaluation,48,0.396694214876033,0.6756744158698496,-0.6652985624275208
Bearing1_4,evaluation,49,0.4049586776859504,0.6018287146257777,-0.5830740851078148
Bearing1_4,evaluation,50,0.4132231404958678,0.5883618197500082,-0.42365819050355347
Bearing1_4,evaluation,51,0.4214876033057851,0.5863316082747729,-0.26673224261354384
Bearing1_4,evaluation,52,0.4297520661157025,0.6011520026718229,-0.1335844682856672
Bearing1_4,evaluation,53,0.4380165289256198,0.615228435583047,0.05717134880172579
Bearing1_4,evaluation,54,0.4462809917355372,0.6422218989351864,0.21443736211007192
Bearing1_4,evaluation,55,0.4545454545454545,0.6445112263326405,0.36726361125436113
Bearing1_4,evaluation,56,0.4628099173553719,0.7017807536079402,0.5380846264021435
Bearing1_4,evaluation,57,0.4710743801652892,0.7624011425875554,0.6891857406838623
Bearing1_4,evaluation,58,0.4793388429752066,0.8411428636772122,0.8056365713041325
Bearing1_4,evaluation,59,0.4876033057851239,0.926961024208279,0.9090422927558338
Bearing1_4,evaluation,60,0.4958677685950413,0.9680720445374481,0.9510229637981984
Bearing1_4,evaluation,61,0.5041322314049587,0.959875833487817,0.9426230498253941
Bearing1_4,evaluation,62,0.512396694214876,0.9746610382068424,0.9589272138259544
Bearing1_4,evaluation,63,0.5206611570247934,0.9666209793734,0.9514216822188735
Bearing1_4,evaluation,64,0.5289256198347108,0.9760080198639918,0.9610766879314354
Bearing1_4,evaluation,65,0.5371900826446281,1.0105485333750004,0.9968389473514992
Bearing1_4,evaluation,66,0.5454545454545454,1.0093295522276002,0.9955126885815078
Bearing1_4,evaluation,67,0.5537190082644629,1.015564841536257,1.0021009258297107
Bearing1_4,evaluation,68,0.5619834710743802,1.031863107047182,1.018701748283559
Bearing1_4,evaluation,69,0.5702479338842975,1.0514269741635593,1.0386089406834356
Bearing1_4,evaluation,70,0.5785123966942148,1.0615561212474673,1.049047681830715
Bearing1_4,evaluation,71,0.5867768595041323,1.0975371070749744,1.0857602672673026
Bearing1_4,evaluation,72,0.5950413223140496,1.1302195308999754,1.1183244093099287
Bearing1_4,evaluation,73,0.6033057851239669,1.1522599209792737,1.1404972804364855
Bearing1_4,evaluation,74,0.6115702479338843,1.193926943775059,1.1827922020504655
Bearing1_4,evaluation,75,0.6198347107438017,1.204638385335591,1.193034774163571
Bearing1_4,evaluation,76,0.628099173553719,1.2338100870958386,1.222377385839176
Bearing1_4,evaluation,77,0.6363636363636364,1.2587213083307498,1.2468070228623347
Bearing1_4,evaluation,78,0.6446280991735537,1.2809556557171,1.269360068008758
Bearing1_4,evaluation,79,0.6528925619834711,1.3216055474903823,1.3100114251895458
Bearing1_4,evaluation,80,0.6611570247933884,1.4375395717702255,1.425656712464967
Bearing1_4,evaluation,81,0.6694214876033058,1.5790955291754276,1.5673342684340306
Bearing1_4,evaluation,82,0.6776859504132231,1.7106536232981964,1.6991048446868509
Bearing1_4,evaluation,83,0.6859504132231405,1.90384103084,1.892217994523343
Bearing1_4,evaluation,84,0.6942148760330579,2.0939872712637286,2.0821712472915452
Bearing1_4,evaluation,85,0.7024793388429752,2.3212113603536997,2.309311265373032
Bearing1_4,evaluation,86,0.7107438016528925,2.5015012071952154,2.4890568935402566
Bearing1_4,evaluation,87,0.71900826446281,2.7472674059606867,2.7348327784873567
Bearing1_4,evaluation,88,0.7272727272727273,2.995575983162143,2.9826725539016326
Bearing1_4,evaluation,89,0.7355371900826446,3.27009937213494,3.2569615023742813
Bearing1_4,evaluation,90,0.743801652892562,3.4201851885182464,3.406733778198091
Bearing1_4,evaluation,91,0.7520661157024794,3.535419381268786,3.5216471659618156
Bearing1_4,evaluation,92,0.7603305785123967,3.6597188970096637,3.6457485320043133
Bearing1_4,evaluation,93,0.768595041322314,3.714251329143822,3.7004755277191776
Bearing1_4,evaluation,94,0.7768595041322314,3.7298188257201668,3.7160386964468515
Bearing1_4,evaluation,95,0.7851239669421488,3.7054625279636157,3.691968925398959
Bearing1_4,evaluation,96,0.7933884297520661,3.715604015965422,3.702323112324381
Bearing1_4,evaluation,97,0.8016528925619835,3.676506250397569,3.663138552002794
Bearing1_4,evaluation,98,0.8099173553719008,3.6304602857481854,3.6172086931922274
Bearing1_4,evaluation,99,0.8181818181818182,3.5226883253185974,3.5096319891219387
Bearing1_4,evaluation,100,0.8264462809917356,3.4512210840501742,3.4386044366192294
Bearing1_4,evaluation,101,0.8347107438016529,3.422148256704103,3.4095115744311792
Bearing1_4,evaluation,102,0.8429752066115702,3.361655806613001,3.349153658204666
Bearing1_4,evaluation,103,0.8512396694214877,3.298497475933318,3.285960328675503
Bearing1_4,evaluation,104,0.859504132231405,3.277199693638446,3.2642915416367324
Bearing1_4,evaluation,105,0.8677685950413223,3.2642280587743557,3.2513333919714484
Bearing1_4,evaluation,106,0.8760330578512396,3.2639150748038546,3.251067774675228
Bearing1_4,evaluation,107,0.8842975206611571,3.230133647029148,3.2178085889578876
Bearing1_4,evaluation,108,0.8925619834710744,3.1860401294090552,3.173938339314921
Bearing1_4,evaluation,109,0.9008264462809916,3.1933586068092836,3.1811663144219695
Bearing1_4,evaluation,110,0.9090909090909092,3.185553411693053,3.17325301740036
Bearing1_4,evaluation,111,0.9173553719008264,3.173064851951809,3.160921352979885
Bearing1_4,evaluation,112,0.9256198347107438,3.172790910342621,3.1604862213401694
Bearing1_4,evaluation,113,0.9338842975206612,3.1737433048373993,3.1612494959124726
Bearing1_4,evaluation,114,0.9421487603305784,3.137306777330702,3.1252246492308418
Bearing1_4,evaluation,115,0.950413223140496,3.1168567570545713,3.105037262237424
Bearing1_4,evaluation,116,0.9586776859504132,3.0813192499376587,3.0696983305823893
Bearing1_4,evaluation,117,0.9669421487603306,3.0717365282158853,3.0600604975087036
Bearing1_4,evaluation,118,0.975206611570248,3.0862517634438675,3.0745980957964596
Bearing1_4,evaluation,119,0.9834710743801652,3.031668447760694,3.0201882602975836
Bearing1_4,evaluation,120,0.9917355371900828,3.0531753228560325,3.041809319030336
Bearing1_4,evaluation,121,1.0,3.9643741875397005,3.9541306846091295
Bearing1_5,evaluation,0,0.0,,
Bearing1_5,evaluation,1,0.0196078431372549,,
Bearing1_5,evaluation,2,0.0392156862745098,,
Bearing1_5,evaluation,3,0.0588235294117647,,
Bearing1_5,evaluation,4,0.0784313725490196,,
Bearing1_5,evaluation,5,0.0980392156862745,,
Bearing1_5,evaluation,6,0.1176470588235294,,
Bearing1_5,evaluation,7,0.1372549019607843,,
Bearing1_5,evaluation,8,0.1568627450980392,,
Bearing1_5,evaluation,9,0.1764705882352941,,
Bearing1_5,evaluation,10,0.196078431372549,,
Bearing1_5,evaluation,11,0.2156862745098039,,
Bearing1_5,evaluation,12,0.2352941176470588,,
Bearing1_5,evaluation,13,0.2549019607843137,,
Bearing1_5,evaluation,14,0.2745098039215686,,
Bearing1_5,evaluation,15,0.2941176470588235,0.2403968846885405,-0.23767993582117858
Bearing1_5,evaluation,16,0.3137254901960784,0.2145658821810021,-0.21082680266726778
Bearing1_5,evaluation,17,0.3333333333333333,0.18511282857808517,-0.18093506787165972
Bearing1_5,evaluation,18,0.3529411764705882,0.16280485474890258,-0.1549680090527007
Bearing1_5,evaluation,19,0.3725490196078431,0.14656187862354847,-0.13857011765655072
Bearing1_5,evaluation,20,0.392156862745098,0.16260330207753473,-0.15543044442256948
Bearing1_5,evaluation,21,0.4117647058823529,0.17089205803408877,-0.16439995587807427
Bearing1_5,evaluation,22,0.4313725490196078,0.18703698954147474,-0.18098880379227333
Bearing1_5,evaluation,23,0.4509803921568627,0.19445436085085122,-0.18890040375255543
Bearing1_5,evaluation,24,0.4705882352941176,0.20646479762045117,-0.20116652592310347
Bearing1_5,evaluation,25,0.4901960784313725,0.218420185054097,-0.21324080349274652
Bearing1_5,evaluation,26,0.5098039215686274,0.23768589578066832,-0.23288806903549086
Bearing1_5,evaluation,27,0.5294117647058824,0.24487203415134115,-0.2401901384679732
Bearing1_5,evaluation,28,0.5490196078431373,0.25313999838039114,-0.24999350438381174
Bearing1_5,evaluation,29,0.5686274509803921,0.2511000294642893,-0.2374963862250754
Bearing1_5,evaluation,30,0.5882352941176471,0.23674467348234476,-0.20409032204973981
Bearing1_5,evaluation,31,0.6078431372549019,0.22944533297128916,-0.16787563667680522
Bearing1_5,evaluation,32,0.6274509803921569,0.21901340751216303,-0.11905999069660993
Bearing1_5,evaluation,33,0.6470588235294118,0.25595251614499476,-0.03164824670422426
Bearing1_5,evaluation,34,0.6666666666666666,0.3869185910644081,0.1616982694347437
Bearing1_5,evaluation,35,0.6862745098039216,0.5824578628032986,0.42871398436113584
Bearing1_5,evaluation,36,0.7058823529411765,0.867875496304435,0.7900257979474358
Bearing1_5,evaluation,37,0.7254901960784313,1.2316940441285769,1.1928765396720669
Bearing1_5,evaluation,38,0.7450980392156863,1.626961819677046,1.6233707245286397
Bearing1_5,evaluation,39,0.7647058823529411,2.151469285378422,2.1486180858716915
Bearing1_5,evaluation,40,0.7843137254901961,2.738873944959166,2.736344997325314
Bearing1_5,evaluation,41,0.803921568627451,3.3794292221422024,3.3771253240945898
Bearing1_5,evaluation,42,0.8235294117647058,4.05115601252941,4.04899892873667
Bearing1_5,evaluation,43,0.8431372549019608,4.687377593484525,4.684967412877451
Bearing1_5,evaluation,44,0.8627450980392157,5.22730159193206,5.224700894716318
Bearing1_5,evaluation,45,0.8823529411764706,5.7049808458710505,5.702193055385197
Bearing1_5,evaluation,46,0.9019607843137256,6.095523049512212,6.09233748916584
Bearing1_5,evaluation,47,0.9215686274509804,6.426582829693241,6.422908482421144
Bearing1_5,evaluation,48,0.9411764705882352,6.730257966175651,6.726058930081379
Bearing1_5,evaluation,49,0.9607843137254902,6.9192668267402535,6.914439855654036
Bearing1_5,evaluation,50,0.9803921568627452,7.054939049849047,7.04915135157786
Bearing1_5,evaluation,51,1.0,7.1417725119528965,7.134701172905935
